,google_result,youtube_link,youtube_channel_link
0,https://www.google.com/url?sa=t&source=web&rct=j&url=https://www.youtube.com/c/OpeninApp&sa=U&ved=2ahUKEwjKxvu1h53_AhUzkIQIHbVsD0IQtwJ6BAgJEAI&usg=AOvVaw3W0nBi-XoxBrb5hKVEg9uV,https://www.youtube.com/c/OpeninApp,https://www.youtube.com/channel/UCIGDcUqL2kKMdJCpIr_dfxg
1,https://www.google.com/url?sa=t&source=web&rct=j&url=https://www.youtube.com/hashtag/openinapp&sa=U&ved=2ahUKEwjKxvu1h53_AhUzkIQIHbVsD0IQFnoECAQQAg&usg=AOvVaw3mS4_oBWbGEF8x4x49WaGl,https://www.youtube.com/hashtag/openinapp,No link
2,https://www.google.com/url?sa=t&source=web&rct=j&url=https://www.youtube.com/watch%3Fv%3DvOo-VyPIiW0&sa=U&ved=2ahUKEwjKxvu1h53_AhUzkIQIHbVsD0IQtwJ6BAgIEAE&usg=AOvVaw0TLqSfPhba0KjJ2LDP2C0-,https://www.youtube.com/watch?v=vOo-VyPIiW0,http://www.youtube.com/@spksunny
3,https://www.google.com/url?sa=t&source=web&rct=j&url=https://www.youtube.com/watch%3Fv%3DO6lup3SN4Bw&sa=U&ved=2ahUKEwjKxvu1h53_AhUzkIQIHbVsD0IQtwJ6BAgAEAE&usg=AOvVaw0zEDaTx1S2kY4UWaXl1kOq,https://www.youtube.com/watch?v=O6lup3SN4Bw,http://www.youtube.com/@OpeninApp
4,https://www.google.com/url?sa=t&source=web&rct=j&url=https://www.youtube.com/watch%3Fv%3D-GvsoRszRt4&sa=U&ved=2ahUKEwjKxvu1h53_AhUzkIQIHbVsD0IQtwJ6BAgBEAE&usg=AOvVaw24uCncXGwxSG2QZO9FXkrV,https://www.youtube.com/watch?v=-GvsoRszRt4,http://www.youtube.com/@OpeninApp
5,https://www.google.com/url?sa=t&source=web&rct=j&url=https://www.youtube.com/channel/UClOQrZIZQZojI3CmJ3jC2eg&sa=U&ved=2ahUKEwjKxvu1h53_AhUzkIQIHbVsD0IQtwJ6BAgGEAI&usg=AOvVaw1v79dXviM0kTqMWTKsB6nK,https://www.youtube.com/channel/UClOQrZIZQZojI3CmJ3jC2eg,https://www.youtube.com/channel/UClOQrZIZQZojI3CmJ3jC2eg
6,https://www.google.com/url?sa=t&source=web&rct=j&url=https://www.youtube.com/watch%3Fv%3DPWiFT3CLCEo&sa=U&ved=2ahUKEwjKxvu1h53_AhUzkIQIHbVsD0IQtwJ6BAgDEAE&usg=AOvVaw2co6Qy2KXPlEsvwHuuI4dH,https://www.youtube.com/watch?v=PWiFT3CLCEo,http://www.youtube.com/@ALIGARH.TOWN.VLOGS.0036
7,https://www.google.com/url?sa=t&source=web&rct=j&url=https://www.youtube.com/watch%3Fv%3DNjo_GPYbTvY&sa=U&ved=2ahUKEwjKxvu1h53_AhUzkIQIHbVsD0IQtwJ6BAgFEAE&usg=AOvVaw1I295omMak9UbH47l3RCmb,https://www.youtube.com/watch?v=Njo_GPYbTvY,http://www.youtube.com/@inspiringprashant
8,https://www.google.com/url?sa=t&source=web&rct=j&url=https://www.youtube.com/post/UgkxkNMzcb3UCWm4sfl1TtmpUE9eRv_qGnSj&sa=U&ved=2ahUKEwjKxvu1h53_AhUzkIQIHbVsD0IQFnoECAIQAg&usg=AOvVaw2ZIwmlWZHu5EFx4HzjsRil,https://www.youtube.com/post/UgkxkNMzcb3UCWm4sfl1TtmpUE9eRv_qGnSj,https://www.youtube.com/channel/UC9DzOATDbpkhZgi1E52FnVQ
9,https://www.google.com/url?sa=t&source=web&rct=j&url=https://www.youtube.com/watch%3Fv%3DJycdHvLtUnM&sa=U&ved=2ahUKEwjKxvu1h53_AhUzkIQIHbVsD0IQtwJ6BAgHEAE&usg=AOvVaw3YpDFmgEEAXhvYeg8Zltta,https://www.youtube.com/watch?v=JycdHvLtUnM,http://www.youtube.com/@daytradertelugu
10,https://www.google.com/url?sa=t&source=web&rct=j&url=https://www.youtube.com/watch%3Fv%3Dtr5tmXA4QYc&sa=U&ved=2ahUKEwilu462h53_AhUbVTABHSMLAGI4ChC3AnoECAMQAQ&usg=AOvVaw3_QAAsDRgHRVs7zNEigA4C,https://www.youtube.com/watch?v=tr5tmXA4QYc,http://www.youtube.com/@finshowbynehanagar94
11,https://www.google.com/url?sa=t&source=web&rct=j&url=https://www.youtube.com/watch%3Fv%3DMCqSTLVpuU4&sa=U&ved=2ahUKEwilu462h53_AhUbVTABHSMLAGI4ChC3AnoECAUQAQ&usg=AOvVaw0D0xfr6K8cx2K1MnWnk5H1,https://www.youtube.com/watch?v=MCqSTLVpuU4,http://www.youtube.com/@MoneyPurse
12,https://www.google.com/url?sa=t&source=web&rct=j&url=https://www.youtube.com/c/TheCrazySk/community&sa=U&ved=2ahUKEwilu462h53_AhUbVTABHSMLAGI4ChAWegQICRAC&usg=AOvVaw0EMq1b04oIKq3DwypNI60o,https://www.youtube.com/c/TheCrazySk/community,https://www.youtube.com/channel/UCSRzX3stPaHP1Y2deHuuX1Q
13,https://www.google.com/url?sa=t&source=web&rct=j&url=https://www.youtube.com/watch%3Fv%3Ds0eUGZVDdxU&sa=U&ved=2ahUKEwilu462h53_AhUbVTABHSMLAGI4ChC3AnoECAIQAQ&usg=AOvVaw0hkex3abmZmuWggxNt6dcK,https://www.youtube.com/watch?v=s0eUGZVDdxU,http://www.youtube.com/@urjitawani.
14,https://www.google.com/url?sa=t&source=web&rct=j&url=https://www.youtube.com/watch%3Fv%3Dh4Bxepgdpcc&sa=U&ved=2ahUKEwilu462h53_AhUbVTABHSMLAGI4ChC3AnoECAEQAQ&usg=AOvVaw03HOFs5iqss4Td18KRy9kI,https://www.youtube.com/watch?v=h4Bxepgdpcc,http://www.youtube.com/@ArshGoyal
15,https://www.google.com/url?sa=t&source=web&rct=j&url=https://www.youtube.com/watch%3Fv%3DnYj5r0LXb-8&sa=U&ved=2ahUKEwilu462h53_AhUbVTABHSMLAGI4ChC3AnoECAQQAQ&usg=AOvVaw34ORLkisY2MiQwsM8W3iOB,https://www.youtube.com/watch?v=nYj5r0LXb-8,http://www.youtube.com/@asmakhanam9468
16,https://www.google.com/url?sa=t&source=web&rct=j&url=https://www.youtube.com/watch%3Fv%3Dcg68Oj-qcwc&sa=U&ved=2ahUKEwilu462h53_AhUbVTABHSMLAGI4ChC3AnoECAAQAQ&usg=AOvVaw0WiJX0jjheiB1Nem1yKHoz,https://www.youtube.com/watch?v=cg68Oj-qcwc,http://www.youtube.com/@asmakhanam9468
17,https://www.google.com/url?sa=t&source=web&rct=j&url=https://www.youtube.com/watch%3Fv%3DSHtfe6z7ekI&sa=U&ved=2ahUKEwilu462h53_AhUbVTABHSMLAGI4ChC3AnoECAYQAQ&usg=AOvVaw2PP5tMF82eaabHLfG8vkVJ,https://www.youtube.com/watch?v=SHtfe6z7ekI,http://www.youtube.com/@Prasadtechintelugu
18,https://www.google.com/url?sa=t&source=web&rct=j&url=https://www.youtube.com/watch%3Fv%3DS_ICCbYTEkg&sa=U&ved=2ahUKEwilu462h53_AhUbVTABHSMLAGI4ChC3AnoECAgQAQ&usg=AOvVaw0tcqNoqnCgL8J7ELWMkISP,https://www.youtube.com/watch?v=S_ICCbYTEkg,http://www.youtube.com/@asmakhanam9468
19,https://www.google.com/url?sa=t&source=web&rct=j&url=https://www.youtube.com/watch%3Fv%3D-jLYw_DXHiw&sa=U&ved=2ahUKEwilu462h53_AhUbVTABHSMLAGI4ChC3AnoECAcQAQ&usg=AOvVaw3IVkTbEZ-K-iM34poF6UPW,https://www.youtube.com/watch?v=-jLYw_DXHiw,http://www.youtube.com/@Aryan_vlog_9
20,https://www.google.com/url?sa=t&source=web&rct=j&url=https://www.youtube.com/watch%3Fv%3DkSwZtKz2lhQ&sa=U&ved=2ahUKEwiR3aO2h53_AhU5r4QIHW2gBEg4FBC3AnoECAAQAQ&usg=AOvVaw3GTcohsZDFUT19SpglmHok,https://www.youtube.com/watch?v=kSwZtKz2lhQ,http://www.youtube.com/@asmakhanam9468
21,https://www.google.com/url?sa=t&source=web&rct=j&url=https://www.youtube.com/watch%3Fv%3DKtI3wEWX1lU&sa=U&ved=2ahUKEwiR3aO2h53_AhU5r4QIHW2gBEg4FBC3AnoECAcQAQ&usg=AOvVaw0v-kqDAmEQcqJjth22Krt5,https://www.youtube.com/watch?v=KtI3wEWX1lU,http://www.youtube.com/@urjitawani.
22,https://www.google.com/url?sa=t&source=web&rct=j&url=https://www.youtube.com/watch%3Fv%3DX9nKImcv5wk&sa=U&ved=2ahUKEwiR3aO2h53_AhU5r4QIHW2gBEg4FBC3AnoECAgQAQ&usg=AOvVaw2aVXoZWWRtJGQu8gbajtaD,https://www.youtube.com/watch?v=X9nKImcv5wk,http://www.youtube.com/@Acoustic_Illusionists
23,https://www.google.com/url?sa=t&source=web&rct=j&url=https://www.youtube.com/watch%3Fv%3Dwh5G03w0KS0&sa=U&ved=2ahUKEwiR3aO2h53_AhU5r4QIHW2gBEg4FBC3AnoECAQQAQ&usg=AOvVaw2Vw1cvWHPcs4Qe2d2ioqD2,https://www.youtube.com/watch?v=wh5G03w0KS0,http://www.youtube.com/@urjitawani.
24,https://www.google.com/url?sa=t&source=web&rct=j&url=https://www.youtube.com/channel/UCT2xzagsBVtStUCA2ulvKmQ/community%3Flc%3DUgzpXE3jKdldQ_bhIC54AaABAg%26lb%3DUgkxuuJyjG7qVX8jYgH-kbvM_OOzlSHyAGx2&sa=U&ved=2ahUKEwiR3aO2h53_AhU5r4QIHW2gBEg4FBAWegQICRAC&usg=AOvVaw1nCTSVbbnRjTnEfmfet3fD,https://www.youtube.com/channel/UCT2xzagsBVtStUCA2ulvKmQ/community?lc=UgzpXE3jKdldQ_bhIC54AaABAg&lb=UgkxuuJyjG7qVX8jYgH-kbvM_OOzlSHyAGx2,https://www.youtube.com/channel/UCT2xzagsBVtStUCA2ulvKmQ
25,https://www.google.com/url?sa=t&source=web&rct=j&url=https://www.youtube.com/watch%3Fv%3D3CfjHqkRsPo&sa=U&ved=2ahUKEwiR3aO2h53_AhU5r4QIHW2gBEg4FBC3AnoECAEQAQ&usg=AOvVaw2uAbQVGpZAPTLWfLGHMDw5,https://www.youtube.com/watch?v=3CfjHqkRsPo,http://www.youtube.com/@MrCyberSquad69
26,https://www.google.com/url?sa=t&source=web&rct=j&url=https://www.youtube.com/watch%3Fv%3D6-N2VN1LHHY&sa=U&ved=2ahUKEwiR3aO2h53_AhU5r4QIHW2gBEg4FBC3AnoECAMQAQ&usg=AOvVaw02jnpozLUMeVelIZmpVqt0,https://www.youtube.com/watch?v=6-N2VN1LHHY,http://www.youtube.com/@daytradertelugu
27,https://www.google.com/url?sa=t&source=web&rct=j&url=https://www.youtube.com/watch%3Fv%3DRuyB2ycKCuU&sa=U&ved=2ahUKEwiR3aO2h53_AhU5r4QIHW2gBEg4FBC3AnoECAUQAQ&usg=AOvVaw1HMGHInAs7PwR9nJL_dXt3,https://www.youtube.com/watch?v=RuyB2ycKCuU,http://www.youtube.com/@MoneyPurse
28,https://www.google.com/url?sa=t&source=web&rct=j&url=https://www.youtube.com/watch%3Fv%3DOyPLsPWsVzQ&sa=U&ved=2ahUKEwiR3aO2h53_AhU5r4QIHW2gBEg4FBC3AnoECAIQAQ&usg=AOvVaw1NBonrMiLgTgi9zhV8VJCi,https://www.youtube.com/watch?v=OyPLsPWsVzQ,http://www.youtube.com/@asmakhanam9468
29,https://www.google.com/url?sa=t&source=web&rct=j&url=https://www.youtube.com/watch%3Fv%3D8NL1tp3lx_s&sa=U&ved=2ahUKEwiR3aO2h53_AhU5r4QIHW2gBEg4FBC3AnoECAYQAQ&usg=AOvVaw1QHWyIuKNPLX5xYRuKJp6D,https://www.youtube.com/watch?v=8NL1tp3lx_s,http://www.youtube.com/@Aryan_vlog_9
30,https://www.google.com/url?sa=t&source=web&rct=j&url=https://www.youtube.com/watch%3Fv%3D_vIwnQ0hmcU&sa=U&ved=2ahUKEwjescK2h53_AhXsfjABHdD9A_Y4HhC3AnoECAcQAQ&usg=AOvVaw2CfVFq9CvnEyBFo2VUZaQs,https://www.youtube.com/watch?v=_vIwnQ0hmcU,http://www.youtube.com/@TimoPubg
31,https://www.google.com/url?sa=t&source=web&rct=j&url=https://www.youtube.com/watch%3Fv%3DXw869OeSXgA&sa=U&ved=2ahUKEwjescK2h53_AhXsfjABHdD9A_Y4HhC3AnoECAkQAQ&usg=AOvVaw3SbjMwQldOpT4PscgyEEFE,https://www.youtube.com/watch?v=Xw869OeSXgA,http://www.youtube.com/@VPFINANCIALS
32,https://www.google.com/url?sa=t&source=web&rct=j&url=https://www.youtube.com/watch%3Fv%3DcQPzqyL0LrM&sa=U&ved=2ahUKEwjescK2h53_AhXsfjABHdD9A_Y4HhC3AnoECAMQAQ&usg=AOvVaw3pIUdf1gCRjIst8mgmAQ7p,https://www.youtube.com/watch?v=cQPzqyL0LrM,http://www.youtube.com/@asmakhanam9468
33,https://www.google.com/url?sa=t&source=web&rct=j&url=https://www.youtube.com/watch%3Fv%3DH01o-zTeCQQ&sa=U&ved=2ahUKEwjescK2h53_AhXsfjABHdD9A_Y4HhC3AnoECAIQAQ&usg=AOvVaw0roo4FHfMnzOczgvLwfE21,https://www.youtube.com/watch?v=H01o-zTeCQQ,http://www.youtube.com/@Prasadtechintelugu
34,https://www.google.com/url?sa=t&source=web&rct=j&url=https://www.youtube.com/watch%3Fv%3DTKlQHHWs64s&sa=U&ved=2ahUKEwjescK2h53_AhXsfjABHdD9A_Y4HhC3AnoECAEQAQ&usg=AOvVaw0lwgE0CX8mBMkCsQHu_GyZ,https://www.youtube.com/watch?v=TKlQHHWs64s,http://www.youtube.com/@daytradertelugu
35,https://www.google.com/url?sa=t&source=web&rct=j&url=https://www.youtube.com/watch%3Fv%3DH1J76mVapSs&sa=U&ved=2ahUKEwjescK2h53_AhXsfjABHdD9A_Y4HhC3AnoECAAQAQ&usg=AOvVaw28gpohGp9Dn91Qd07ivwK8,https://www.youtube.com/watch?v=H1J76mVapSs,http://www.youtube.com/@daytradertelugu
36,https://www.google.com/url?sa=t&source=web&rct=j&url=https://www.youtube.com/watch%3Fv%3Di-e0vP820lA&sa=U&ved=2ahUKEwjescK2h53_AhXsfjABHdD9A_Y4HhC3AnoECAQQAQ&usg=AOvVaw11VagWPEQdzdBHgLBhRgIf,https://www.youtube.com/watch?v=i-e0vP820lA,http://www.youtube.com/@asmakhanam9468
37,https://www.google.com/url?sa=t&source=web&rct=j&url=https://www.youtube.com/watch%3Fv%3DdpypfwXk2DE&sa=U&ved=2ahUKEwjescK2h53_AhXsfjABHdD9A_Y4HhC3AnoECAgQAQ&usg=AOvVaw0Bw9IoLIgiTfbI8VFhbR3S,https://www.youtube.com/watch?v=dpypfwXk2DE,http://www.youtube.com/@PamDSouza
38,https://www.google.com/url?sa=t&source=web&rct=j&url=https://www.youtube.com/watch%3Fv%3DitEtrpVDNiY&sa=U&ved=2ahUKEwjescK2h53_AhXsfjABHdD9A_Y4HhC3AnoECAUQAQ&usg=AOvVaw2mQq7FIXZ425KqkXVjAaf_,https://www.youtube.com/watch?v=itEtrpVDNiY,http://www.youtube.com/@G5Gamers
39,https://www.google.com/url?sa=t&source=web&rct=j&url=https://www.youtube.com/watch%3Fv%3DaFEZjinGw48&sa=U&ved=2ahUKEwjescK2h53_AhXsfjABHdD9A_Y4HhC3AnoECAYQAQ&usg=AOvVaw1952TDYewLkIbaeLXYHk_6,https://www.youtube.com/watch?v=aFEZjinGw48,http://www.youtube.com/@logicaltrader
40,https://www.google.com/url?sa=t&source=web&rct=j&url=https://www.youtube.com/watch%3Fv%3Dm7te41BRAeE&sa=U&ved=2ahUKEwjSzOO2h53_AhWZRzABHQEKDks4KBC3AnoECAUQAQ&usg=AOvVaw2LJIxDplJkyzUScEiPMTVJ,https://www.youtube.com/watch?v=m7te41BRAeE,http://www.youtube.com/@VPFINANCIALS
41,https://www.google.com/url?sa=t&source=web&rct=j&url=https://www.youtube.com/watch%3Fv%3D8gkcZ2Mz6wM&sa=U&ved=2ahUKEwjSzOO2h53_AhWZRzABHQEKDks4KBC3AnoECAQQAQ&usg=AOvVaw2zy9JjGxoib9fOppaNo3fC,https://www.youtube.com/watch?v=8gkcZ2Mz6wM,http://www.youtube.com/@CHOTIISHORTS
42,https://www.google.com/url?sa=t&source=web&rct=j&url=https://www.youtube.com/c/OpeninApp/featured&sa=U&ved=2ahUKEwjSzOO2h53_AhWZRzABHQEKDks4KBAWegQIAxAC&usg=AOvVaw3b6ReLklOVjRSamAL3jakY,https://www.youtube.com/c/OpeninApp/featured,https://www.youtube.com/channel/UCIGDcUqL2kKMdJCpIr_dfxg
43,https://www.google.com/url?sa=t&source=web&rct=j&url=https://www.youtube.com/watch%3Fv%3DZ8ofLza36EU&sa=U&ved=2ahUKEwjSzOO2h53_AhWZRzABHQEKDks4KBC3AnoECAYQAQ&usg=AOvVaw39duUTuGh56JUB8wlDBDUY,https://www.youtube.com/watch?v=Z8ofLza36EU,http://www.youtube.com/@MoneyPurse
44,https://www.google.com/url?sa=t&source=web&rct=j&url=https://www.youtube.com/watch%3Fv%3DdKcPPzP2hkg&sa=U&ved=2ahUKEwjSzOO2h53_AhWZRzABHQEKDks4KBC3AnoECAgQAQ&usg=AOvVaw0vAcTtYIaVBv0MceMfyBp-,https://www.youtube.com/watch?v=dKcPPzP2hkg,http://www.youtube.com/@VPFINANCIALS
45,https://www.google.com/url?sa=t&source=web&rct=j&url=https://www.youtube.com/watch%3Fv%3DhE3mM1Ow26w&sa=U&ved=2ahUKEwjSzOO2h53_AhWZRzABHQEKDks4KBC3AnoECAcQAQ&usg=AOvVaw07IvCo_ydMQI5tEFi7ac6x,https://www.youtube.com/watch?v=hE3mM1Ow26w,http://www.youtube.com/@asmakhanam9468
46,https://www.google.com/url?sa=t&source=web&rct=j&url=https://www.youtube.com/post/UgkxnMoBx-aYbHJ5NmcJ1XSJk7bafIgmzoaV&sa=U&ved=2ahUKEwjSzOO2h53_AhWZRzABHQEKDks4KBAWegQIARAC&usg=AOvVaw0FUu0txbbWM_FUa3TQuDhk,https://www.youtube.com/post/UgkxnMoBx-aYbHJ5NmcJ1XSJk7bafIgmzoaV,https://www.youtube.com/channel/UCA8SPA80wNFHeo1qlmMiGzw
47,https://www.google.com/url?sa=t&source=web&rct=j&url=https://m.youtube.com/c/OpeninApp/playlists&sa=U&ved=2ahUKEwjSzOO2h53_AhWZRzABHQEKDks4KBAWegQIABAC&usg=AOvVaw3CNBptIkF0P9toHYKrN-Rp,https://m.youtube.com/c/OpeninApp/playlists,https://www.youtube.com/channel/UCIGDcUqL2kKMdJCpIr_dfxg
48,https://www.google.com/url?sa=t&source=web&rct=j&url=https://www.youtube.com/watch%3Fv%3Drw-fFDMsmH8&sa=U&ved=2ahUKEwjSzOO2h53_AhWZRzABHQEKDks4KBC3AnoECAIQAQ&usg=AOvVaw3LcoOFiYMu1YPnneGfxlG7,https://www.youtube.com/watch?v=rw-fFDMsmH8,http://www.youtube.com/@Pooja_muley
49,https://www.google.com/url?sa=t&source=web&rct=j&url=https://www.youtube.com/watch%3Fv%3D6htXOSV4Kag&sa=U&ved=2ahUKEwjSzOO2h53_AhWZRzABHQEKDks4KBC3AnoECAkQAQ&usg=AOvVaw1NDwTu61zGUj7tRSvQ4p6d,https://www.youtube.com/watch?v=6htXOSV4Kag,http://www.youtube.com/@Theknowledgepriest
50,https://www.google.com/url?sa=t&source=web&rct=j&url=https://www.youtube.com/watch%3Fv%3D0r4cCf6D0Yk&sa=U&ved=2ahUKEwj5i_y2h53_AhUsibAFHaRVDEI4MhC3AnoECAIQAQ&usg=AOvVaw2ZqjhBieI8hlSCq5tyFDLW,https://www.youtube.com/watch?v=0r4cCf6D0Yk,http://www.youtube.com/@asmakhanam9468
51,https://www.google.com/url?sa=t&source=web&rct=j&url=https://www.youtube.com/watch%3Fv%3DN-qzWVw6b_A&sa=U&ved=2ahUKEwj5i_y2h53_AhUsibAFHaRVDEI4MhC3AnoECAkQAQ&usg=AOvVaw1FnUHL8vdqZudyqyTfWzcG,https://www.youtube.com/watch?v=N-qzWVw6b_A,http://www.youtube.com/@MoneyPurse
52,https://www.google.com/url?sa=t&source=web&rct=j&url=https://www.youtube.com/watch%3Fv%3D-Wdz0cf7-3o&sa=U&ved=2ahUKEwj5i_y2h53_AhUsibAFHaRVDEI4MhC3AnoECAAQAQ&usg=AOvVaw1ghE3dCGR3vVf3O7yeEndl,https://www.youtube.com/watch?v=-Wdz0cf7-3o,http://www.youtube.com/@MoneyPurse
53,https://www.google.com/url?sa=t&source=web&rct=j&url=https://www.youtube.com/watch%3Fv%3DCrdGht6IhTI&sa=U&ved=2ahUKEwj5i_y2h53_AhUsibAFHaRVDEI4MhC3AnoECAcQAQ&usg=AOvVaw3lZm3vWgjBfS8Uc4K0B5wo,https://www.youtube.com/watch?v=CrdGht6IhTI,http://www.youtube.com/@Prasadtechintelugu
54,https://www.google.com/url?sa=t&source=web&rct=j&url=https://www.youtube.com/watch%3Fv%3DhrMrRNhqePo&sa=U&ved=2ahUKEwj5i_y2h53_AhUsibAFHaRVDEI4MhC3AnoECAYQAQ&usg=AOvVaw1ct-RrLWGz8s-LE77fbtzM,https://www.youtube.com/watch?v=hrMrRNhqePo,http://www.youtube.com/@logicaltrader
55,https://www.google.com/url?sa=t&source=web&rct=j&url=https://www.youtube.com/watch%3Fv%3Dl5KIVYEYz8w&sa=U&ved=2ahUKEwj5i_y2h53_AhUsibAFHaRVDEI4MhC3AnoECAEQAQ&usg=AOvVaw0X1S4wkKT6GngfvBF1IdtO,https://www.youtube.com/watch?v=l5KIVYEYz8w,http://www.youtube.com/@VPFINANCIALS
56,https://www.google.com/url?sa=t&source=web&rct=j&url=https://www.youtube.com/watch%3Fv%3DFk4E7l18RRo&sa=U&ved=2ahUKEwj5i_y2h53_AhUsibAFHaRVDEI4MhC3AnoECAQQAQ&usg=AOvVaw0RiaM9EQ8QumftAByn3Cti,https://www.youtube.com/watch?v=Fk4E7l18RRo,http://www.youtube.com/@OpeninApp
57,https://www.google.com/url?sa=t&source=web&rct=j&url=https://www.youtube.com/watch%3Fv%3DMBRMIhwzus4&sa=U&ved=2ahUKEwj5i_y2h53_AhUsibAFHaRVDEI4MhC3AnoECAUQAQ&usg=AOvVaw0PDDAzECADba5QTsorfxJ7,https://www.youtube.com/watch?v=MBRMIhwzus4,http://www.youtube.com/@daytradertelugu
58,https://www.google.com/url?sa=t&source=web&rct=j&url=https://www.youtube.com/watch%3Fv%3DCf2WsVEj184&sa=U&ved=2ahUKEwj5i_y2h53_AhUsibAFHaRVDEI4MhC3AnoECAMQAQ&usg=AOvVaw1T32_gWLplAEX1QAaHdQUj,https://www.youtube.com/watch?v=Cf2WsVEj184,http://www.youtube.com/@daytradertelugu
59,https://www.google.com/url?sa=t&source=web&rct=j&url=https://www.youtube.com/watch%3Fv%3D11f2mlmw3Es&sa=U&ved=2ahUKEwj5i_y2h53_AhUsibAFHaRVDEI4MhC3AnoECAgQAQ&usg=AOvVaw0DcIBQ7_WORe97ReRVZnab,https://www.youtube.com/watch?v=11f2mlmw3Es,http://www.youtube.com/@asmakhanam9468
60,https://www.google.com/url?sa=t&source=web&rct=j&url=https://www.youtube.com/watch%3Fv%3DaEP-EqlOO98&sa=U&ved=2ahUKEwjTvJm3h53_AhWnSzABHdpsD544PBC3AnoECAYQAQ&usg=AOvVaw2T3K44q7UM_f6TBvK4eG_s,https://www.youtube.com/watch?v=aEP-EqlOO98,http://www.youtube.com/@trishulshakti.
61,https://www.google.com/url?sa=t&source=web&rct=j&url=https://www.youtube.com/watch%3Fv%3DCrdGht6IhTI&sa=U&ved=2ahUKEwjTvJm3h53_AhWnSzABHdpsD544PBC3AnoECAkQAQ&usg=AOvVaw0x8Pw5LkPBg4283HEZw0CT,https://www.youtube.com/watch?v=CrdGht6IhTI,http://www.youtube.com/@Prasadtechintelugu
62,https://www.google.com/url?sa=t&source=web&rct=j&url=https://www.youtube.com/watch%3Fv%3DhrMrRNhqePo&sa=U&ved=2ahUKEwjTvJm3h53_AhWnSzABHdpsD544PBC3AnoECAgQAQ&usg=AOvVaw1dOZHEHPj1EbhDXQzzsJoX,https://www.youtube.com/watch?v=hrMrRNhqePo,http://www.youtube.com/@logicaltrader
63,https://www.google.com/url?sa=t&source=web&rct=j&url=https://www.youtube.com/watch%3Fv%3Dl5KIVYEYz8w&sa=U&ved=2ahUKEwjTvJm3h53_AhWnSzABHdpsD544PBC3AnoECAMQAQ&usg=AOvVaw0v0c-io0HR74fMybI89Sos,https://www.youtube.com/watch?v=l5KIVYEYz8w,http://www.youtube.com/@VPFINANCIALS
64,https://www.google.com/url?sa=t&source=web&rct=j&url=https://www.youtube.com/watch%3Fv%3DqDIVTTnKnzQ&sa=U&ved=2ahUKEwjTvJm3h53_AhWnSzABHdpsD544PBC3AnoECAUQAQ&usg=AOvVaw1FTtLASxy2CipiQt3dzILI,https://www.youtube.com/watch?v=qDIVTTnKnzQ,http://www.youtube.com/@PamDSouza
65,https://www.google.com/url?sa=t&source=web&rct=j&url=https://www.youtube.com/watch%3Fv%3DLystXx_RObQ&sa=U&ved=2ahUKEwjTvJm3h53_AhWnSzABHdpsD544PBC3AnoECAAQAQ&usg=AOvVaw0FcdN36a9Eben917r1GlyY,https://www.youtube.com/watch?v=LystXx_RObQ,http://www.youtube.com/@daytradertelugu
66,https://www.google.com/url?sa=t&source=web&rct=j&url=https://www.youtube.com/watch%3Fv%3DFk4E7l18RRo&sa=U&ved=2ahUKEwjTvJm3h53_AhWnSzABHdpsD544PBC3AnoECAEQAQ&usg=AOvVaw1G34fV9-9f19YpVdcYrdfZ,https://www.youtube.com/watch?v=Fk4E7l18RRo,http://www.youtube.com/@OpeninApp
67,https://www.google.com/url?sa=t&source=web&rct=j&url=https://www.youtube.com/watch%3Fv%3DMBRMIhwzus4&sa=U&ved=2ahUKEwjTvJm3h53_AhWnSzABHdpsD544PBC3AnoECAQQAQ&usg=AOvVaw0YfN56Uwvyv_y-Y7XfhPcK,https://www.youtube.com/watch?v=MBRMIhwzus4,http://www.youtube.com/@daytradertelugu
68,https://www.google.com/url?sa=t&source=web&rct=j&url=https://www.youtube.com/watch%3Fv%3Dho24ZFU4U7c&sa=U&ved=2ahUKEwjTvJm3h53_AhWnSzABHdpsD544PBC3AnoECAcQAQ&usg=AOvVaw2AmQMXszFbGBvaLbWL9zaN,https://www.youtube.com/watch?v=ho24ZFU4U7c,http://www.youtube.com/@musiclove3283
69,https://www.google.com/url?sa=t&source=web&rct=j&url=https://www.youtube.com/watch%3Fv%3Ddd02GPhhNhQ&sa=U&ved=2ahUKEwjTvJm3h53_AhWnSzABHdpsD544PBC3AnoECAIQAQ&usg=AOvVaw0Pu4yJXXyQyCoCgiUhjc9i,https://www.youtube.com/watch?v=dd02GPhhNhQ,http://www.youtube.com/@OpeninApp
70,https://www.google.com/url?sa=t&source=web&rct=j&url=https://www.youtube.com/watch%3Fv%3DTjw8_obtAZM&sa=U&ved=2ahUKEwil17q3h53_AhXVRTABHbYmDJA4RhC3AnoECAEQAQ&usg=AOvVaw0inPSPRHsV4Iuek6tCCrRU,https://www.youtube.com/watch?v=Tjw8_obtAZM,http://www.youtube.com/@ManojDeyVlogs
71,https://www.google.com/url?sa=t&source=web&rct=j&url=https://www.youtube.com/watch%3Fv%3Dz-FRM6OOQYs&sa=U&ved=2ahUKEwil17q3h53_AhXVRTABHbYmDJA4RhC3AnoECAkQAQ&usg=AOvVaw0cJ_gWO0FeYPDaguZE3Db5,https://www.youtube.com/watch?v=z-FRM6OOQYs,http://www.youtube.com/@MoneyPurse
72,https://www.google.com/url?sa=t&source=web&rct=j&url=https://www.youtube.com/watch%3Fv%3D-00dpPb283U&sa=U&ved=2ahUKEwil17q3h53_AhXVRTABHbYmDJA4RhC3AnoECAUQAQ&usg=AOvVaw117LMCGj1CxEG0PMKsG-Jz,https://www.youtube.com/watch?v=-00dpPb283U,http://www.youtube.com/@Meekneser_Shorts
73,https://www.google.com/url?sa=t&source=web&rct=j&url=https://www.youtube.com/watch%3Fv%3DPP7F-SXWSdQ&sa=U&ved=2ahUKEwil17q3h53_AhXVRTABHbYmDJA4RhC3AnoECAIQAQ&usg=AOvVaw03l4lZxTqCFSpUzMJDb765,https://www.youtube.com/watch?v=PP7F-SXWSdQ,http://www.youtube.com/@Abhishvek
74,https://www.google.com/url?sa=t&source=web&rct=j&url=https://www.youtube.com/watch%3Fv%3DQgHrrhjaQbQ&sa=U&ved=2ahUKEwil17q3h53_AhXVRTABHbYmDJA4RhC3AnoECAcQAQ&usg=AOvVaw3W2RfBonJEJxCfRnu5R-F_,https://www.youtube.com/watch?v=QgHrrhjaQbQ,http://www.youtube.com/@VPFINANCIALS
75,https://www.google.com/url?sa=t&source=web&rct=j&url=https://www.youtube.com/watch%3Fv%3DGinwzELoWqU&sa=U&ved=2ahUKEwil17q3h53_AhXVRTABHbYmDJA4RhC3AnoECAgQAQ&usg=AOvVaw0zemFMYI4k8imbSwnIMbQn,https://www.youtube.com/watch?v=GinwzELoWqU,http://www.youtube.com/@TradingwithGroww
76,https://www.google.com/url?sa=t&source=web&rct=j&url=https://www.youtube.com/watch%3Fv%3DfIHp0Jb_tEM&sa=U&ved=2ahUKEwil17q3h53_AhXVRTABHbYmDJA4RhC3AnoECAAQAQ&usg=AOvVaw1n98SZ9pfcRczX3jKWziel,https://www.youtube.com/watch?v=fIHp0Jb_tEM,http://www.youtube.com/@MoneyPurse
77,https://www.google.com/url?sa=t&source=web&rct=j&url=https://www.youtube.com/watch%3Fv%3Do7-m-E0pO_A&sa=U&ved=2ahUKEwil17q3h53_AhXVRTABHbYmDJA4RhC3AnoECAYQAQ&usg=AOvVaw3d9N7PB23e0G61wlwiZ-RW,https://www.youtube.com/watch?v=o7-m-E0pO_A,http://www.youtube.com/@talibpictures
78,https://www.google.com/url?sa=t&source=web&rct=j&url=https://www.youtube.com/watch%3Fv%3Di3Lb8GwVRMA&sa=U&ved=2ahUKEwil17q3h53_AhXVRTABHbYmDJA4RhC3AnoECAMQAQ&usg=AOvVaw16f62Se38lEa2LJYtYmZH7,https://www.youtube.com/watch?v=i3Lb8GwVRMA,http://www.youtube.com/@ManojDeyVlogs
79,https://www.google.com/url?sa=t&source=web&rct=j&url=https://www.youtube.com/watch%3Fv%3DjRP7X15ncfU&sa=U&ved=2ahUKEwil17q3h53_AhXVRTABHbYmDJA4RhC3AnoECAQQAQ&usg=AOvVaw25u0FKyVKAjMNmAZ79EcvD,https://www.youtube.com/watch?v=jRP7X15ncfU,http://www.youtube.com/@ManojDeyVlogs
80,https://www.google.com/url?sa=t&source=web&rct=j&url=https://www.youtube.com/watch%3Fv%3DFYj6nJTCn_k&sa=U&ved=2ahUKEwi6m9m3h53_AhUBRTABHb_fBLc4UBC3AnoECAYQAQ&usg=AOvVaw3Wg7Tb6noI3--nXsmgF_3x,https://www.youtube.com/watch?v=FYj6nJTCn_k,http://www.youtube.com/@vineetgarg147
81,https://www.google.com/url?sa=t&source=web&rct=j&url=https://www.youtube.com/watch%3Fv%3D_3-BiHZod2c&sa=U&ved=2ahUKEwi6m9m3h53_AhUBRTABHb_fBLc4UBC3AnoECAkQAQ&usg=AOvVaw2eONkt9G3XarM-UoT6I8nC,https://www.youtube.com/watch?v=_3-BiHZod2c,http://www.youtube.com/@ElectronicsElectricalmalayalam
82,https://www.google.com/url?sa=t&source=web&rct=j&url=https://www.youtube.com/watch%3Fv%3Dc_-p_suWZq0&sa=U&ved=2ahUKEwi6m9m3h53_AhUBRTABHb_fBLc4UBC3AnoECAAQAQ&usg=AOvVaw2dtfa77C7LVbA9mBBiKI1w,https://www.youtube.com/watch?v=c_-p_suWZq0,http://www.youtube.com/@asmakhanam9468
83,https://www.google.com/url?sa=t&source=web&rct=j&url=https://www.youtube.com/watch%3Fv%3Di5uLLaSGCZE&sa=U&ved=2ahUKEwi6m9m3h53_AhUBRTABHb_fBLc4UBC3AnoECAMQAQ&usg=AOvVaw14i2lFZjK3uidwzS5FvWS7,https://www.youtube.com/watch?v=i5uLLaSGCZE,http://www.youtube.com/@ShortsBreak_Official
84,https://www.google.com/url?sa=t&source=web&rct=j&url=https://www.youtube.com/watch%3Fv%3DW_FZfgv8EmQ&sa=U&ved=2ahUKEwi6m9m3h53_AhUBRTABHb_fBLc4UBC3AnoECAEQAQ&usg=AOvVaw3eJrvKnI9a5xfDKYpPYeoh,https://www.youtube.com/watch?v=W_FZfgv8EmQ,http://www.youtube.com/@ManojDeyVlogs
85,https://www.google.com/url?sa=t&source=web&rct=j&url=https://www.youtube.com/watch%3Fv%3DAVSEwe7w_mU&sa=U&ved=2ahUKEwi6m9m3h53_AhUBRTABHb_fBLc4UBC3AnoECAQQAQ&usg=AOvVaw2T4qZSwO8AjDd1j7lhZBCb,https://www.youtube.com/watch?v=AVSEwe7w_mU,http://www.youtube.com/@PamDSouza
86,https://www.google.com/url?sa=t&source=web&rct=j&url=https://www.youtube.com/watch%3Fv%3DPQL0TV79In8&sa=U&ved=2ahUKEwi6m9m3h53_AhUBRTABHb_fBLc4UBC3AnoECAIQAQ&usg=AOvVaw2XvL9kEHLsg-ejtuJjxXTp,https://www.youtube.com/watch?v=PQL0TV79In8,http://www.youtube.com/@SHUBHAMMUSICAL360
87,https://www.google.com/url?sa=t&source=web&rct=j&url=https://www.youtube.com/watch%3Fv%3DwlbupzFpvEY&sa=U&ved=2ahUKEwi6m9m3h53_AhUBRTABHb_fBLc4UBC3AnoECAUQAQ&usg=AOvVaw0_EyM-ZUzIfkyMyp--6_Hp,https://www.youtube.com/watch?v=wlbupzFpvEY,http://www.youtube.com/@sangralvlogs84
88,https://www.google.com/url?sa=t&source=web&rct=j&url=https://www.youtube.com/watch%3Fv%3DznMOarSBAEg&sa=U&ved=2ahUKEwi6m9m3h53_AhUBRTABHb_fBLc4UBC3AnoECAcQAQ&usg=AOvVaw2H2JHeO74sfzwvzIXyZyej,https://www.youtube.com/watch?v=znMOarSBAEg,http://www.youtube.com/@ManojDeyVlogs
89,https://www.google.com/url?sa=t&source=web&rct=j&url=https://www.youtube.com/watch%3Fv%3D-JukI8ppgvM&sa=U&ved=2ahUKEwi6m9m3h53_AhUBRTABHb_fBLc4UBC3AnoECAgQAQ&usg=AOvVaw0_sWXN2Rw7LeDWowxHZU8T,https://www.youtube.com/watch?v=-JukI8ppgvM,http://www.youtube.com/@gauravdelhirav
90,https://www.google.com/url?sa=t&source=web&rct=j&url=https://www.youtube.com/watch%3Fv%3DviU9CIGILI0&sa=U&ved=2ahUKEwixvoW4h53_AhUBRDABHVfpCP84WhC3AnoECAAQAQ&usg=AOvVaw28dkgjQXiDYWbpWLW0l0m9,https://www.youtube.com/watch?v=viU9CIGILI0,http://www.youtube.com/@ManojDey
91,https://www.google.com/url?sa=t&source=web&rct=j&url=https://www.youtube.com/watch%3Fv%3DJp0g44yGCgk&sa=U&ved=2ahUKEwixvoW4h53_AhUBRDABHVfpCP84WhC3AnoECAkQAQ&usg=AOvVaw09seSyeU9EVFa0TwhZ_eNm,https://www.youtube.com/watch?v=Jp0g44yGCgk,http://www.youtube.com/@Groww
92,https://www.google.com/url?sa=t&source=web&rct=j&url=https://www.youtube.com/watch%3Fv%3Dh8R15j6NkHY&sa=U&ved=2ahUKEwixvoW4h53_AhUBRDABHVfpCP84WhC3AnoECAEQAQ&usg=AOvVaw1eFmokyIHIQwJEzXbEJdZz,https://www.youtube.com/watch?v=h8R15j6NkHY,http://www.youtube.com/@VPFINANCIALS
93,https://www.google.com/url?sa=t&source=web&rct=j&url=https://www.youtube.com/watch%3Fv%3Dr0Qo7ImidzI&sa=U&ved=2ahUKEwixvoW4h53_AhUBRDABHVfpCP84WhC3AnoECAMQAQ&usg=AOvVaw1JHV3sS5SiqryLMi-xxwua,https://www.youtube.com/watch?v=r0Qo7ImidzI,http://www.youtube.com/@gauravdelhirav
94,https://www.google.com/url?sa=t&source=web&rct=j&url=https://www.youtube.com/watch%3Fv%3DB8mTr_CX3C0&sa=U&ved=2ahUKEwixvoW4h53_AhUBRDABHVfpCP84WhC3AnoECAIQAQ&usg=AOvVaw3Rxyff2SrbMmqi8LXcDBLb,https://www.youtube.com/watch?v=B8mTr_CX3C0,http://www.youtube.com/@techwiser
95,https://www.google.com/url?sa=t&source=web&rct=j&url=https://www.youtube.com/watch%3Fv%3DS88tMlgUr_Q&sa=U&ved=2ahUKEwixvoW4h53_AhUBRDABHVfpCP84WhC3AnoECAQQAQ&usg=AOvVaw1WRoyJXle3EsoGBufLdm4y,https://www.youtube.com/watch?v=S88tMlgUr_Q,http://www.youtube.com/@ManojDeyVlogs
96,https://www.google.com/url?sa=t&source=web&rct=j&url=https://www.youtube.com/watch%3Fv%3Dx0tZ5y_kFiQ&sa=U&ved=2ahUKEwixvoW4h53_AhUBRDABHVfpCP84WhC3AnoECAcQAQ&usg=AOvVaw1JbApauDDJVlp-a07lgs14,https://www.youtube.com/watch?v=x0tZ5y_kFiQ,http://www.youtube.com/@ManojDeyVlogs
97,https://www.google.com/url?sa=t&source=web&rct=j&url=https://www.youtube.com/watch%3Fv%3DNnXn2HeDwo4&sa=U&ved=2ahUKEwixvoW4h53_AhUBRDABHVfpCP84WhC3AnoECAgQAQ&usg=AOvVaw3Q_-GZE4wTgs2vhHjZ0gsw,https://www.youtube.com/watch?v=NnXn2HeDwo4,http://www.youtube.com/@cinemaanreal
98,https://www.google.com/url?sa=t&source=web&rct=j&url=https://www.youtube.com/watch%3Fv%3D2RIFzFl7jgw&sa=U&ved=2ahUKEwixvoW4h53_AhUBRDABHVfpCP84WhC3AnoECAYQAQ&usg=AOvVaw1d0WumVDS7S3C8dSz0O1BZ,https://www.youtube.com/watch?v=2RIFzFl7jgw,http://www.youtube.com/@MaaRampariMeldi33
99,https://www.google.com/url?sa=t&source=web&rct=j&url=https://www.youtube.com/watch%3Fv%3DEGLcR_G7jYg&sa=U&ved=2ahUKEwixvoW4h53_AhUBRDABHVfpCP84WhC3AnoECAUQAQ&usg=AOvVaw1te2nYcv8PheO1KyX-xiEV,https://www.youtube.com/watch?v=EGLcR_G7jYg,http://www.youtube.com/@deepanshu.bhaskar
100,https://www.google.com/url?sa=t&source=web&rct=j&url=https://www.youtube.com/watch%3Fv%3D1cO_h6sJGZs&sa=U&ved=2ahUKEwi-jae4h53_AhVKRDABHYH5AL04ZBC3AnoECAgQAQ&usg=AOvVaw3wLnZ8QYOrY1qD8g4nq9oh,https://www.youtube.com/watch?v=1cO_h6sJGZs,http://www.youtube.com/@pavanraja040
101,https://www.google.com/url?sa=t&source=web&rct=j&url=https://www.youtube.com/watch%3Fv%3D3iw3biXOQrI&sa=U&ved=2ahUKEwi-jae4h53_AhVKRDABHYH5AL04ZBC3AnoECAkQAQ&usg=AOvVaw3VPQYidwfZCJL7Sa7TmnZj,https://www.youtube.com/watch?v=3iw3biXOQrI,http://www.youtube.com/@Prasadtechintelugu
102,https://www.google.com/url?sa=t&source=web&rct=j&url=https://www.youtube.com/watch%3Fv%3DGslMy1zt7wU&sa=U&ved=2ahUKEwi-jae4h53_AhVKRDABHYH5AL04ZBC3AnoECAAQAQ&usg=AOvVaw3ngsMFBA9VYeudN19XoEun,https://www.youtube.com/watch?v=GslMy1zt7wU,http://www.youtube.com/@PamDSouza
103,https://www.google.com/url?sa=t&source=web&rct=j&url=https://www.youtube.com/watch%3Fv%3DJQ55_QVq0qY&sa=U&ved=2ahUKEwi-jae4h53_AhVKRDABHYH5AL04ZBC3AnoECAQQAQ&usg=AOvVaw3e-QKJXT_v13ZeJdeetB-R,https://www.youtube.com/watch?v=JQ55_QVq0qY,http://www.youtube.com/@designersimba6933
104,https://www.google.com/url?sa=t&source=web&rct=j&url=https://www.youtube.com/watch%3Fv%3Dv5gDfcsmJZo&sa=U&ved=2ahUKEwi-jae4h53_AhVKRDABHYH5AL04ZBC3AnoECAUQAQ&usg=AOvVaw3E5kh0Ass3kePXCWsIXJpT,https://www.youtube.com/watch?v=v5gDfcsmJZo,http://www.youtube.com/@MrCyberVlogs
105,https://www.google.com/url?sa=t&source=web&rct=j&url=https://www.youtube.com/watch%3Fv%3DZoEGMCMmDGU&sa=U&ved=2ahUKEwi-jae4h53_AhVKRDABHYH5AL04ZBC3AnoECAcQAQ&usg=AOvVaw1Tv8GUrAF_wk0IHDBP86Js,https://www.youtube.com/watch?v=ZoEGMCMmDGU,http://www.youtube.com/@MoneyPurse
106,https://www.google.com/url?sa=t&source=web&rct=j&url=https://www.youtube.com/post/Ugkx81eKM0CWUSGFqh9uAT5zstyd6lO4UYmK&sa=U&ved=2ahUKEwi-jae4h53_AhVKRDABHYH5AL04ZBAWegQIARAC&usg=AOvVaw18QCtVHHwXGiZVu7iwhCH7,https://www.youtube.com/post/Ugkx81eKM0CWUSGFqh9uAT5zstyd6lO4UYmK,https://www.youtube.com/channel/UC2XT37E3pyiVI0KHY58ydKg
107,https://www.google.com/url?sa=t&source=web&rct=j&url=https://www.youtube.com/watch%3Fv%3D4rKgGuGu8hk&sa=U&ved=2ahUKEwi-jae4h53_AhVKRDABHYH5AL04ZBC3AnoECAYQAQ&usg=AOvVaw2a4GjjGCW_WysiKtCe68AD,https://www.youtube.com/watch?v=4rKgGuGu8hk,http://www.youtube.com/@dsa5302
108,https://www.google.com/url?sa=t&source=web&rct=j&url=https://www.youtube.com/watch%3Fv%3DOgvYWV_UGvg&sa=U&ved=2ahUKEwi-jae4h53_AhVKRDABHYH5AL04ZBC3AnoECAIQAQ&usg=AOvVaw2mw7bPm-L0XVXXNPfa_N3p,https://www.youtube.com/watch?v=OgvYWV_UGvg,http://www.youtube.com/@Harshgamer_
109,https://www.google.com/url?sa=t&source=web&rct=j&url=https://www.youtube.com/watch%3Fv%3DLystXx_RObQ&sa=U&ved=2ahUKEwi-jae4h53_AhVKRDABHYH5AL04ZBC3AnoECAMQAQ&usg=AOvVaw10FgA0MQgmYxcOAq-ZSEdN,https://www.youtube.com/watch?v=LystXx_RObQ,http://www.youtube.com/@daytradertelugu
110,https://www.google.com/url?sa=t&source=web&rct=j&url=https://www.youtube.com/watch%3Fv%3DUbclvHOLwFQ&sa=U&ved=2ahUKEwjYxsu4h53_AhWvg4QIHQJWDFE4bhC3AnoECAIQAQ&usg=AOvVaw0grH4vRXA-gMD6umeIH2yo,https://www.youtube.com/watch?v=UbclvHOLwFQ,http://www.youtube.com/@gauravdelhirav
111,https://www.google.com/url?sa=t&source=web&rct=j&url=https://www.youtube.com/watch%3Fv%3DP0gixoLqXB4&sa=U&ved=2ahUKEwjYxsu4h53_AhWvg4QIHQJWDFE4bhC3AnoECAkQAQ&usg=AOvVaw0VIHgr5npcWZvjfWULCzJ-,https://www.youtube.com/watch?v=P0gixoLqXB4,http://www.youtube.com/@Aryan_vlog_9
112,https://www.google.com/url?sa=t&source=web&rct=j&url=https://www.youtube.com/watch%3Fv%3Dw5lZWPv4Szo&sa=U&ved=2ahUKEwjYxsu4h53_AhWvg4QIHQJWDFE4bhC3AnoECAAQAQ&usg=AOvVaw34KX71b3KdAzBItJmqDPBV,https://www.youtube.com/watch?v=w5lZWPv4Szo,http://www.youtube.com/@PamDSouza
113,https://www.google.com/url?sa=t&source=web&rct=j&url=https://www.youtube.com/watch%3Fv%3DcwpZBgQgugk&sa=U&ved=2ahUKEwjYxsu4h53_AhWvg4QIHQJWDFE4bhC3AnoECAgQAQ&usg=AOvVaw3YOdAdrr5SP3EbvNS6GhBO,https://www.youtube.com/watch?v=cwpZBgQgugk,http://www.youtube.com/@VPFINANCIALS
114,https://www.google.com/url?sa=t&source=web&rct=j&url=https://www.youtube.com/watch%3Fv%3DhIJdVo0mK-E&sa=U&ved=2ahUKEwjYxsu4h53_AhWvg4QIHQJWDFE4bhC3AnoECAMQAQ&usg=AOvVaw2UWRR3JgbqByNm1owKli0J,https://www.youtube.com/watch?v=hIJdVo0mK-E,http://www.youtube.com/@daytradertelugu
115,https://www.google.com/url?sa=t&source=web&rct=j&url=https://www.youtube.com/watch%3Fv%3DydRaSI9QKs4&sa=U&ved=2ahUKEwjYxsu4h53_AhWvg4QIHQJWDFE4bhC3AnoECAEQAQ&usg=AOvVaw3_eP8YQGHHPEdkTgDaSrV6,https://www.youtube.com/watch?v=ydRaSI9QKs4,http://www.youtube.com/@MoneyPurse
116,https://www.google.com/url?sa=t&source=web&rct=j&url=https://www.youtube.com/watch%3Fv%3DQrQfxJ_De2k&sa=U&ved=2ahUKEwjYxsu4h53_AhWvg4QIHQJWDFE4bhC3AnoECAcQAQ&usg=AOvVaw21uhisQSWovV2Uj9qsGJKC,https://www.youtube.com/watch?v=QrQfxJ_De2k,http://www.youtube.com/@indianstocks9673
117,https://www.google.com/url?sa=t&source=web&rct=j&url=https://www.youtube.com/watch%3Fv%3D_lF3F2gRA7o&sa=U&ved=2ahUKEwjYxsu4h53_AhWvg4QIHQJWDFE4bhC3AnoECAYQAQ&usg=AOvVaw3sA-PSieT9kisqMWpcRglZ,https://www.youtube.com/watch?v=_lF3F2gRA7o,http://www.youtube.com/@VPFINANCIALS
118,https://www.google.com/url?sa=t&source=web&rct=j&url=https://www.youtube.com/watch%3Fv%3Ddd02GPhhNhQ&sa=U&ved=2ahUKEwjYxsu4h53_AhWvg4QIHQJWDFE4bhC3AnoECAUQAQ&usg=AOvVaw34wPv8Pd9IoPGRxg6jBjov,https://www.youtube.com/watch?v=dd02GPhhNhQ,http://www.youtube.com/@OpeninApp
119,https://www.google.com/url?sa=t&source=web&rct=j&url=https://www.youtube.com/watch%3Fv%3D_XbsmXyfXtw&sa=U&ved=2ahUKEwjYxsu4h53_AhWvg4QIHQJWDFE4bhC3AnoECAQQAQ&usg=AOvVaw0MJqv_Iymup_7dctBhdX25,https://www.youtube.com/watch?v=_XbsmXyfXtw,http://www.youtube.com/@MinuKitchenWorld
120,https://www.google.com/url?sa=t&source=web&rct=j&url=https://www.youtube.com/watch%3Fv%3DLexbLfgXkFQ&sa=U&ved=2ahUKEwjQgfW4h53_AhXUTTABHQodAQ04eBC3AnoECAkQAQ&usg=AOvVaw12Fj4yNhK1IVQEXKqAaE6Q,https://www.youtube.com/watch?v=LexbLfgXkFQ,http://www.youtube.com/@MoneyPurse
121,https://www.google.com/url?sa=t&source=web&rct=j&url=https://www.youtube.com/watch%3Fv%3D6KgpGfwU0ZQ&sa=U&ved=2ahUKEwjQgfW4h53_AhXUTTABHQodAQ04eBC3AnoECAQQAQ&usg=AOvVaw13utCnU2AMGnzfgH7-sLbN,https://www.youtube.com/watch?v=6KgpGfwU0ZQ,http://www.youtube.com/@TradingwithGroww
122,https://www.google.com/url?sa=t&source=web&rct=j&url=https://www.youtube.com/watch%3Fv%3DlR_gVFwSJuw&sa=U&ved=2ahUKEwjQgfW4h53_AhXUTTABHQodAQ04eBC3AnoECAAQAQ&usg=AOvVaw2kdbSB6wL-gTcWAtO98ij_,https://www.youtube.com/watch?v=lR_gVFwSJuw,http://www.youtube.com/@MoneyPurse
123,https://www.google.com/url?sa=t&source=web&rct=j&url=https://www.youtube.com/watch%3Fv%3D15FCSri-ZLc&sa=U&ved=2ahUKEwjQgfW4h53_AhXUTTABHQodAQ04eBC3AnoECAIQAQ&usg=AOvVaw0FXGvPRTAJCbU9pk9R8Jlu,https://www.youtube.com/watch?v=15FCSri-ZLc,http://www.youtube.com/@VPFINANCIALS
124,https://www.google.com/url?sa=t&source=web&rct=j&url=https://www.youtube.com/watch%3Fv%3DGql2ECwgpcg&sa=U&ved=2ahUKEwjQgfW4h53_AhXUTTABHQodAQ04eBC3AnoECAMQAQ&usg=AOvVaw2b8V-CbYSuh2FGe5EYzbz0,https://www.youtube.com/watch?v=Gql2ECwgpcg,http://www.youtube.com/@GokulChhabra
125,https://www.google.com/url?sa=t&source=web&rct=j&url=https://www.youtube.com/watch%3Fv%3DL-ZXA4p66xo&sa=U&ved=2ahUKEwjQgfW4h53_AhXUTTABHQodAQ04eBC3AnoECAgQAQ&usg=AOvVaw0638Yn70MH7m9G0eMe5xWA,https://www.youtube.com/watch?v=L-ZXA4p66xo,http://www.youtube.com/@Prasadtechintelugu
126,https://www.google.com/url?sa=t&source=web&rct=j&url=https://www.youtube.com/watch%3Fv%3DVslqdBiDaH4&sa=U&ved=2ahUKEwjQgfW4h53_AhXUTTABHQodAQ04eBC3AnoECAcQAQ&usg=AOvVaw3LgMLldwF9_mBLAMo_O1iZ,https://www.youtube.com/watch?v=VslqdBiDaH4,http://www.youtube.com/@abhijaggeshcomedyshows9271
127,https://www.google.com/url?sa=t&source=web&rct=j&url=https://www.youtube.com/watch%3Fv%3DTZpzqQ-weZE&sa=U&ved=2ahUKEwjQgfW4h53_AhXUTTABHQodAQ04eBC3AnoECAEQAQ&usg=AOvVaw3RSiXTeT5m4VxVU1M9G8Ai,https://www.youtube.com/watch?v=TZpzqQ-weZE,http://www.youtube.com/@DANGERGAME88
128,https://www.google.com/url?sa=t&source=web&rct=j&url=https://www.youtube.com/watch%3Fv%3D4ribByvlkSY&sa=U&ved=2ahUKEwjQgfW4h53_AhXUTTABHQodAQ04eBC3AnoECAYQAQ&usg=AOvVaw2sIVn4tDQqMHTGem0EgkYg,https://www.youtube.com/watch?v=4ribByvlkSY,http://www.youtube.com/@YashSainiShorts
129,https://www.google.com/url?sa=t&source=web&rct=j&url=https://www.youtube.com/post/UgkxTDDwZR_wak_QE0llLvTU6CTYq2VXtDAM&sa=U&ved=2ahUKEwjQgfW4h53_AhXUTTABHQodAQ04eBAWegQIBRAC&usg=AOvVaw10uZQfeSVRySwPclgMQbeW,https://www.youtube.com/post/UgkxTDDwZR_wak_QE0llLvTU6CTYq2VXtDAM,https://www.youtube.com/channel/UCZIaGz8e42Y3WL9_ULSRB7A
130,https://www.google.com/url?sa=t&source=web&rct=j&url=https://www.youtube.com/post/UgkxT0Tdchpsuu5RtEXKOSJAUdi1qFp8j_6n&sa=U&ved=2ahUKEwjJnKW5h53_AhVbtoQIHce0DjI4ggEQFnoECAkQAg&usg=AOvVaw0KHZFOCdcyC6N-Yg98B9c3,https://www.youtube.com/post/UgkxT0Tdchpsuu5RtEXKOSJAUdi1qFp8j_6n,https://www.youtube.com/channel/UCNOGfGnuTGRxqKfSKhk9BKw
131,https://www.google.com/url?sa=t&source=web&rct=j&url=https://www.youtube.com/watch%3Fv%3Dbuw1lAPhuQE&sa=U&ved=2ahUKEwjJnKW5h53_AhVbtoQIHce0DjI4ggEQtwJ6BAgEEAE&usg=AOvVaw20gMKIMGsZz6N8Lj7dUl7A,https://www.youtube.com/watch?v=buw1lAPhuQE,http://www.youtube.com/@ghumakkadshanky
132,https://www.google.com/url?sa=t&source=web&rct=j&url=https://www.youtube.com/watch%3Fv%3DSbcwlVEL8Es&sa=U&ved=2ahUKEwjJnKW5h53_AhVbtoQIHce0DjI4ggEQtwJ6BAgAEAE&usg=AOvVaw2QwUmQtacalzJPPdaPUH5z,https://www.youtube.com/watch?v=SbcwlVEL8Es,http://www.youtube.com/@sangralvlogs84
133,https://www.google.com/url?sa=t&source=web&rct=j&url=https://www.youtube.com/watch%3Fv%3DiloWV5Cz_sk&sa=U&ved=2ahUKEwjJnKW5h53_AhVbtoQIHce0DjI4ggEQtwJ6BAgHEAE&usg=AOvVaw1S6aruKD8hEgm5u1tnHRD5,https://www.youtube.com/watch?v=iloWV5Cz_sk,http://www.youtube.com/@MoneyPurse
134,https://www.google.com/url?sa=t&source=web&rct=j&url=https://www.youtube.com/watch%3Fv%3Dul86xzmiMWc&sa=U&ved=2ahUKEwjJnKW5h53_AhVbtoQIHce0DjI4ggEQtwJ6BAgGEAE&usg=AOvVaw2dP4CT-IAgDVxFEOWreWGZ,https://www.youtube.com/watch?v=ul86xzmiMWc,http://www.youtube.com/@techwiser
135,https://www.google.com/url?sa=t&source=web&rct=j&url=https://www.youtube.com/watch%3Fv%3DiZdNTNVVKYo&sa=U&ved=2ahUKEwjJnKW5h53_AhVbtoQIHce0DjI4ggEQtwJ6BAgDEAE&usg=AOvVaw2DxbzhV5JfKCbXWfaGh7t3,https://www.youtube.com/watch?v=iZdNTNVVKYo,http://www.youtube.com/@PamDSouza
136,https://www.google.com/url?sa=t&source=web&rct=j&url=https://www.youtube.com/watch%3Fv%3DmYqZsNswcZo&sa=U&ved=2ahUKEwjJnKW5h53_AhVbtoQIHce0DjI4ggEQtwJ6BAgCEAE&usg=AOvVaw0MnPzAHA5pqJRKFPqpo9Ks,https://www.youtube.com/watch?v=mYqZsNswcZo,http://www.youtube.com/@GokulChhabra
137,https://www.google.com/url?sa=t&source=web&rct=j&url=https://www.youtube.com/watch%3Fv%3D3co0-7OTYi0&sa=U&ved=2ahUKEwjJnKW5h53_AhVbtoQIHce0DjI4ggEQtwJ6BAgFEAE&usg=AOvVaw2EV1cdBWiLRh67e5OcRoqz,https://www.youtube.com/watch?v=3co0-7OTYi0,http://www.youtube.com/@VPFINANCIALS
138,https://www.google.com/url?sa=t&source=web&rct=j&url=https://www.youtube.com/watch%3Fv%3Dd97-kQJIwr4&sa=U&ved=2ahUKEwjJnKW5h53_AhVbtoQIHce0DjI4ggEQtwJ6BAgBEAE&usg=AOvVaw2zk4GR4JVt_hgA-Bm8x8pZ,https://www.youtube.com/watch?v=d97-kQJIwr4,http://www.youtube.com/@scitechofficial
139,https://www.google.com/url?sa=t&source=web&rct=j&url=https://www.youtube.com/watch%3Fv%3DBvCVyLBvO5c&sa=U&ved=2ahUKEwjJnKW5h53_AhVbtoQIHce0DjI4ggEQtwJ6BAgIEAE&usg=AOvVaw3Ujd_jZwdRVXDifzF3ZVKI,https://www.youtube.com/watch?v=BvCVyLBvO5c,http://www.youtube.com/@bittucreator2
140,https://www.google.com/url?sa=t&source=web&rct=j&url=https://www.youtube.com/watch%3Fv%3DhMxGXe237SE&sa=U&ved=2ahUKEwjkpsu5h53_AhVFQjABHTbWAsQ4jAEQtwJ6BAgGEAE&usg=AOvVaw3UoaoA9bBGdS8GD48j3b4-,https://www.youtube.com/watch?v=hMxGXe237SE,http://www.youtube.com/@MoneyPurse
141,https://www.google.com/url?sa=t&source=web&rct=j&url=https://www.youtube.com/watch%3Fv%3D7J-u3JmWtrU&sa=U&ved=2ahUKEwjkpsu5h53_AhVFQjABHTbWAsQ4jAEQtwJ6BAgJEAE&usg=AOvVaw0w-sz6iIUyLEd0VGAO-uF0,https://www.youtube.com/watch?v=7J-u3JmWtrU,http://www.youtube.com/@PamDSouza
142,https://www.google.com/url?sa=t&source=web&rct=j&url=https://www.youtube.com/watch%3Fv%3DYDqlfVCYP6Q&sa=U&ved=2ahUKEwjkpsu5h53_AhVFQjABHTbWAsQ4jAEQtwJ6BAgFEAE&usg=AOvVaw0qVXrjfll-n3N72PyQyYgd,https://www.youtube.com/watch?v=YDqlfVCYP6Q,http://www.youtube.com/@GokulChhabra
143,https://www.google.com/url?sa=t&source=web&rct=j&url=https://www.youtube.com/watch%3Fv%3D5YgzTc9I3UY&sa=U&ved=2ahUKEwjkpsu5h53_AhVFQjABHTbWAsQ4jAEQtwJ6BAgAEAE&usg=AOvVaw1rgYLxwp8_BCK-afQ-NzQ-,https://www.youtube.com/watch?v=5YgzTc9I3UY,http://www.youtube.com/@sriramselvan
144,https://www.google.com/url?sa=t&source=web&rct=j&url=https://www.youtube.com/watch%3Fv%3DzjdsPv9EkJM&sa=U&ved=2ahUKEwjkpsu5h53_AhVFQjABHTbWAsQ4jAEQtwJ6BAgEEAE&usg=AOvVaw10dcUajxLSALwlRpE03jj4,https://www.youtube.com/watch?v=zjdsPv9EkJM,http://www.youtube.com/@talibpictures
145,https://www.google.com/url?sa=t&source=web&rct=j&url=https://www.youtube.com/watch%3Fv%3DD0mJCh-1VKo&sa=U&ved=2ahUKEwjkpsu5h53_AhVFQjABHTbWAsQ4jAEQtwJ6BAgIEAE&usg=AOvVaw3JdZZHer-FQItv6xfa7g5p,https://www.youtube.com/watch?v=D0mJCh-1VKo,http://www.youtube.com/@ManojDeyVlogs
146,https://www.google.com/url?sa=t&source=web&rct=j&url=https://www.youtube.com/watch%3Fv%3DFcP8dmGV6sI&sa=U&ved=2ahUKEwjkpsu5h53_AhVFQjABHTbWAsQ4jAEQtwJ6BAgBEAE&usg=AOvVaw25U_Ik9WDHTyxdZu4elcRF,https://www.youtube.com/watch?v=FcP8dmGV6sI,http://www.youtube.com/@Prasadtechintelugu
147,https://www.google.com/url?sa=t&source=web&rct=j&url=https://www.youtube.com/watch%3Fv%3DrSkWviZPmAA&sa=U&ved=2ahUKEwjkpsu5h53_AhVFQjABHTbWAsQ4jAEQtwJ6BAgCEAE&usg=AOvVaw314Nrpn0QPPZeZDGd9tcvH,https://www.youtube.com/watch?v=rSkWviZPmAA,http://www.youtube.com/@SimpleGhar
148,https://www.google.com/url?sa=t&source=web&rct=j&url=https://www.youtube.com/watch%3Fv%3D65OOTQFYFMg&sa=U&ved=2ahUKEwjkpsu5h53_AhVFQjABHTbWAsQ4jAEQtwJ6BAgDEAE&usg=AOvVaw0WjOQpuE5uyJ4KG8-EGvO6,https://www.youtube.com/watch?v=65OOTQFYFMg,http://www.youtube.com/@MoneyPurse
149,https://www.google.com/url?sa=t&source=web&rct=j&url=https://www.youtube.com/watch%3Fv%3DAwL7m3eGmgk&sa=U&ved=2ahUKEwjkpsu5h53_AhVFQjABHTbWAsQ4jAEQtwJ6BAgHEAE&usg=AOvVaw0Xd6Q6qTgduVXvr-sJjsgW,https://www.youtube.com/watch?v=AwL7m3eGmgk,http://www.youtube.com/@bhatmusa193
150,https://www.google.com/url?sa=t&source=web&rct=j&url=https://www.youtube.com/watch%3Fv%3Dqw11zwL53_w&sa=U&ved=2ahUKEwjHkfC5h53_AhXGSTABHYk4Dxo4lgEQtwJ6BAgEEAE&usg=AOvVaw0oA6Ap-duo5vvdDh2wD1Lo,https://www.youtube.com/watch?v=qw11zwL53_w,http://www.youtube.com/@NomadProgrammer
151,https://www.google.com/url?sa=t&source=web&rct=j&url=https://www.youtube.com/watch%3Fv%3Dz0X_9XwcoBA&sa=U&ved=2ahUKEwjHkfC5h53_AhXGSTABHYk4Dxo4lgEQtwJ6BAgIEAE&usg=AOvVaw20g0BqQnFBymcyS6YoDqqH,https://www.youtube.com/watch?v=z0X_9XwcoBA,http://www.youtube.com/@ManojDeyVlogs
152,https://www.google.com/url?sa=t&source=web&rct=j&url=https://www.youtube.com/watch%3Fv%3D135nlQ4ugvE&sa=U&ved=2ahUKEwjHkfC5h53_AhXGSTABHYk4Dxo4lgEQtwJ6BAgCEAE&usg=AOvVaw05e3etMdsuVdeyMi_hUzO1,https://www.youtube.com/watch?v=135nlQ4ugvE,http://www.youtube.com/@SimpleGhar
153,https://www.google.com/url?sa=t&source=web&rct=j&url=https://www.youtube.com/watch%3Fv%3DiLBtk2wxs9w&sa=U&ved=2ahUKEwjHkfC5h53_AhXGSTABHYk4Dxo4lgEQtwJ6BAgHEAE&usg=AOvVaw22wVzu4cGPqHwxxz5bWp2S,https://www.youtube.com/watch?v=iLBtk2wxs9w,http://www.youtube.com/@SimpleGhar
154,https://www.google.com/url?sa=t&source=web&rct=j&url=https://www.youtube.com/watch%3Fv%3DXM7EBaAT5BI&sa=U&ved=2ahUKEwjHkfC5h53_AhXGSTABHYk4Dxo4lgEQtwJ6BAgFEAE&usg=AOvVaw1DHQZ04vw3hQNwliq_TTId,https://www.youtube.com/watch?v=XM7EBaAT5BI,http://www.youtube.com/@AnshNakwal
155,https://www.google.com/url?sa=t&source=web&rct=j&url=https://www.youtube.com/watch%3Fv%3DySq5uPVrXyo&sa=U&ved=2ahUKEwjHkfC5h53_AhXGSTABHYk4Dxo4lgEQtwJ6BAgBEAE&usg=AOvVaw0iGMJOPguxeQflOAytw6aU,https://www.youtube.com/watch?v=ySq5uPVrXyo,http://www.youtube.com/@finshowbynehanagar94
156,https://www.google.com/url?sa=t&source=web&rct=j&url=https://www.youtube.com/watch%3Fv%3DTgvaaJwpstM&sa=U&ved=2ahUKEwjHkfC5h53_AhXGSTABHYk4Dxo4lgEQtwJ6BAgGEAE&usg=AOvVaw08WOkqM0RVzv-l3cSrY8NN,https://www.youtube.com/watch?v=TgvaaJwpstM,http://www.youtube.com/@PamDSouza
157,https://www.google.com/url?sa=t&source=web&rct=j&url=https://www.youtube.com/watch%3Fv%3DkJ5HUswFIew&sa=U&ved=2ahUKEwjHkfC5h53_AhXGSTABHYk4Dxo4lgEQtwJ6BAgDEAE&usg=AOvVaw1wqV1wpaB3HYaZz9CaiqqV,https://www.youtube.com/watch?v=kJ5HUswFIew,http://www.youtube.com/@PrathapGTech
158,https://www.google.com/url?sa=t&source=web&rct=j&url=https://www.youtube.com/watch%3Fv%3Dz8mYa8BCvgQ&sa=U&ved=2ahUKEwjHkfC5h53_AhXGSTABHYk4Dxo4lgEQFnoECAkQAg&usg=AOvVaw0x8aINpH1kSasURIS365dc,https://www.youtube.com/watch?v=z8mYa8BCvgQ,http://www.youtube.com/@AanalGurukul
159,https://www.google.com/url?sa=t&source=web&rct=j&url=https://www.youtube.com/watch%3Fv%3Dsc68B-IwjCY&sa=U&ved=2ahUKEwjHkfC5h53_AhXGSTABHYk4Dxo4lgEQtwJ6BAgAEAE&usg=AOvVaw2RaJCoQeUK2Ef2zpODEuXy,https://www.youtube.com/watch?v=sc68B-IwjCY,http://www.youtube.com/@PamDSouza
160,https://www.google.com/url?sa=t&source=web&rct=j&url=https://www.youtube.com/watch%3Fv%3D7NyBNUOdVTA&sa=U&ved=2ahUKEwjkuaC6h53_AhWymYQIHS8dCjI4oAEQtwJ6BAgEEAE&usg=AOvVaw3S_JhjEtGxeSu9T6sLdV72,https://www.youtube.com/watch?v=7NyBNUOdVTA,http://www.youtube.com/@ghumakkadshanky
161,https://www.google.com/url?sa=t&source=web&rct=j&url=https://www.youtube.com/watch%3Fv%3DrPZmD6BmZvc&sa=U&ved=2ahUKEwjkuaC6h53_AhWymYQIHS8dCjI4oAEQtwJ6BAgJEAE&usg=AOvVaw0OG4LgKlvSEDPY-9XwKQkk,https://www.youtube.com/watch?v=rPZmD6BmZvc,http://www.youtube.com/@daytradertelugu
162,https://www.google.com/url?sa=t&source=web&rct=j&url=https://www.youtube.com/watch%3Fv%3DaEP-EqlOO98&sa=U&ved=2ahUKEwjkuaC6h53_AhWymYQIHS8dCjI4oAEQtwJ6BAgDEAE&usg=AOvVaw0zYtMDIgmoGvYIkXnJDRwN,https://www.youtube.com/watch?v=aEP-EqlOO98,http://www.youtube.com/@trishulshakti.
163,https://www.google.com/url?sa=t&source=web&rct=j&url=https://www.youtube.com/watch%3Fv%3DhhEU9rU1ymI&sa=U&ved=2ahUKEwjkuaC6h53_AhWymYQIHS8dCjI4oAEQtwJ6BAgHEAE&usg=AOvVaw0F_LldMcVx2J0gqiNR32zv,https://www.youtube.com/watch?v=hhEU9rU1ymI,http://www.youtube.com/@PamDSouza
164,https://www.google.com/url?sa=t&source=web&rct=j&url=https://www.youtube.com/watch%3Fv%3D5pb3zunQqOE&sa=U&ved=2ahUKEwjkuaC6h53_AhWymYQIHS8dCjI4oAEQtwJ6BAgBEAE&usg=AOvVaw0FgW8Ok4X7ODc0fqKlWSg9,https://www.youtube.com/watch?v=5pb3zunQqOE,http://www.youtube.com/@ElectronicsElectricalmalayalam
165,https://www.google.com/url?sa=t&source=web&rct=j&url=https://www.youtube.com/watch%3Fv%3Dh8KFVh4SUwE&sa=U&ved=2ahUKEwjkuaC6h53_AhWymYQIHS8dCjI4oAEQtwJ6BAgCEAE&usg=AOvVaw2o7jBrOouxD8ewPeAWi_3o,https://www.youtube.com/watch?v=h8KFVh4SUwE,http://www.youtube.com/@sriramselvan
166,https://www.google.com/url?sa=t&source=web&rct=j&url=https://www.youtube.com/watch%3Fv%3DN95vD4VPRyE&sa=U&ved=2ahUKEwjkuaC6h53_AhWymYQIHS8dCjI4oAEQtwJ6BAgAEAE&usg=AOvVaw2btV3OypnWPuYnrXGJUI3e,https://www.youtube.com/watch?v=N95vD4VPRyE,http://www.youtube.com/@prasaddevarakonda
167,https://www.google.com/url?sa=t&source=web&rct=j&url=https://www.youtube.com/watch%3Fv%3D4MegZm_urLY&sa=U&ved=2ahUKEwjkuaC6h53_AhWymYQIHS8dCjI4oAEQtwJ6BAgIEAE&usg=AOvVaw1kxZ7F1-FO7yLkQJ2cyQsi,https://www.youtube.com/watch?v=4MegZm_urLY,http://www.youtube.com/@AnshNakwal
168,https://www.google.com/url?sa=t&source=web&rct=j&url=https://www.youtube.com/watch%3Fv%3D7zG7jspETQQ&sa=U&ved=2ahUKEwjkuaC6h53_AhWymYQIHS8dCjI4oAEQtwJ6BAgGEAE&usg=AOvVaw19-mTD_sl668zgANqN-ZVR,https://www.youtube.com/watch?v=7zG7jspETQQ,http://www.youtube.com/@24472
169,https://www.google.com/url?sa=t&source=web&rct=j&url=https://www.youtube.com/watch%3Fv%3DGXsqLwwTgZw&sa=U&ved=2ahUKEwjkuaC6h53_AhWymYQIHS8dCjI4oAEQtwJ6BAgFEAE&usg=AOvVaw2PK6QY4Q0OCN5JbgURCGDz,https://www.youtube.com/watch?v=GXsqLwwTgZw,http://www.youtube.com/@TfDesihindi7406
170,https://www.google.com/url?sa=t&source=web&rct=j&url=https://www.youtube.com/watch%3Fv%3DSTMDP0EoybE&sa=U&ved=2ahUKEwijtNC6h53_AhW3mYQIHZLOC204qgEQtwJ6BAgHEAE&usg=AOvVaw3sBnVA6MomZHB622Ve9Uj_,https://www.youtube.com/watch?v=STMDP0EoybE,http://www.youtube.com/@PamDSouza
171,https://www.google.com/url?sa=t&source=web&rct=j&url=https://www.youtube.com/watch%3Fv%3DTbZ8gF0JrEc&sa=U&ved=2ahUKEwijtNC6h53_AhW3mYQIHZLOC204qgEQtwJ6BAgEEAE&usg=AOvVaw2TIKjnMp6LXEz4VHJnusen,https://www.youtube.com/watch?v=TbZ8gF0JrEc,http://www.youtube.com/@mppassion
172,https://www.google.com/url?sa=t&source=web&rct=j&url=https://www.youtube.com/watch%3Fv%3DQ5jR3Yk3Vig&sa=U&ved=2ahUKEwijtNC6h53_AhW3mYQIHZLOC204qgEQtwJ6BAgBEAE&usg=AOvVaw3LgjQjnhyPPs_aK9MY8QED,https://www.youtube.com/watch?v=Q5jR3Yk3Vig,http://www.youtube.com/@TechDekhoji
173,https://www.google.com/url?sa=t&source=web&rct=j&url=https://www.youtube.com/watch%3Fv%3DIWq57go5PFA&sa=U&ved=2ahUKEwijtNC6h53_AhW3mYQIHZLOC204qgEQtwJ6BAgFEAE&usg=AOvVaw16mx7xZajAsbeUpMuepRCD,https://www.youtube.com/watch?v=IWq57go5PFA,http://www.youtube.com/@dsa5302
174,https://www.google.com/url?sa=t&source=web&rct=j&url=https://m.youtube.com/shorts/wCFkSfycrAI&sa=U&ved=2ahUKEwijtNC6h53_AhW3mYQIHZLOC204qgEQFnoECAYQAg&usg=AOvVaw3gWXMIqjp9TcKPfd_YKR-h,https://m.youtube.com/shorts/wCFkSfycrAI,http://www.youtube.com/@ramkrishnakumarheera8678
175,https://www.google.com/url?sa=t&source=web&rct=j&url=https://www.youtube.com/watch%3Fv%3D26UWrQSd2sg&sa=U&ved=2ahUKEwijtNC6h53_AhW3mYQIHZLOC204qgEQtwJ6BAgIEAE&usg=AOvVaw15_E4JgEGVAWTJS1HTMlwk,https://www.youtube.com/watch?v=26UWrQSd2sg,http://www.youtube.com/@MoneyPurse
176,https://www.google.com/url?sa=t&source=web&rct=j&url=https://www.youtube.com/watch%3Fv%3D-K-W51XDtcA&sa=U&ved=2ahUKEwijtNC6h53_AhW3mYQIHZLOC204qgEQtwJ6BAgCEAE&usg=AOvVaw0RU89evfVw_EUIjrI_fQAz,https://www.youtube.com/watch?v=-K-W51XDtcA,http://www.youtube.com/@finshowbynehanagar94
177,https://www.google.com/url?sa=t&source=web&rct=j&url=https://m.youtube.com/watch%3Fv%3DLtVmKPm7Qsc&sa=U&ved=2ahUKEwijtNC6h53_AhW3mYQIHZLOC204qgEQFnoECAAQAg&usg=AOvVaw2cYUUJLbNl5pElAhvpK-OV,https://m.youtube.com/watch?v=LtVmKPm7Qsc,http://www.youtube.com/@RawatVlComedy
178,https://www.google.com/url?sa=t&source=web&rct=j&url=https://www.youtube.com/watch%3Fv%3DmBS23EjzrVQ&sa=U&ved=2ahUKEwijtNC6h53_AhW3mYQIHZLOC204qgEQtwJ6BAgDEAE&usg=AOvVaw11-BJtSqMIjLgo3Dv9SaFf,https://www.youtube.com/watch?v=mBS23EjzrVQ,http://www.youtube.com/@PamDSouza
179,https://www.google.com/url?sa=t&source=web&rct=j&url=https://www.youtube.com/watch%3Fv%3DS_ai8_UOcng&sa=U&ved=2ahUKEwijtNC6h53_AhW3mYQIHZLOC204qgEQtwJ6BAgJEAE&usg=AOvVaw0w0imroTvwgyL493MotMg-,https://www.youtube.com/watch?v=S_ai8_UOcng,http://www.youtube.com/@ManojDeyVlogs
180,https://www.google.com/url?sa=t&source=web&rct=j&url=https://www.youtube.com/watch%3Fv%3Dnqx2-vA3H-o&sa=U&ved=2ahUKEwj48YO7h53_AhXpRzABHUYZBXw4tAEQtwJ6BAgEEAE&usg=AOvVaw29e3A4d9P-WHJ1z23bAKci,https://www.youtube.com/watch?v=nqx2-vA3H-o,http://www.youtube.com/@MoneyPurse
181,https://www.google.com/url?sa=t&source=web&rct=j&url=https://www.youtube.com/watch%3Fv%3Dc8a11oAyklk&sa=U&ved=2ahUKEwj48YO7h53_AhXpRzABHUYZBXw4tAEQtwJ6BAgJEAE&usg=AOvVaw08EiG6t1b-7AkeWiWlRdNw,https://www.youtube.com/watch?v=c8a11oAyklk,http://www.youtube.com/@MoneyPurse
182,https://www.google.com/url?sa=t&source=web&rct=j&url=https://www.youtube.com/watch%3Fv%3DCofahY2VIAs&sa=U&ved=2ahUKEwj48YO7h53_AhXpRzABHUYZBXw4tAEQtwJ6BAgGEAE&usg=AOvVaw3D2tkoz8LxH1Ko553kkqoh,https://www.youtube.com/watch?v=CofahY2VIAs,http://www.youtube.com/@PamDSouza
183,https://www.google.com/url?sa=t&source=web&rct=j&url=https://www.youtube.com/watch%3Fv%3DimA7FYM7iW8&sa=U&ved=2ahUKEwj48YO7h53_AhXpRzABHUYZBXw4tAEQtwJ6BAgBEAE&usg=AOvVaw3AbmL2WvDN5u3AscfKvwBs,https://www.youtube.com/watch?v=imA7FYM7iW8,http://www.youtube.com/@PamDSouza
184,https://www.google.com/url?sa=t&source=web&rct=j&url=https://www.youtube.com/watch%3Fv%3DIwh44vXdlps&sa=U&ved=2ahUKEwj48YO7h53_AhXpRzABHUYZBXw4tAEQtwJ6BAgCEAE&usg=AOvVaw1QES01xH5oF89yzkA72r6n,https://www.youtube.com/watch?v=Iwh44vXdlps,http://www.youtube.com/@comedystarsamastipur
185,https://www.google.com/url?sa=t&source=web&rct=j&url=https://www.youtube.com/watch%3Fv%3D4MbFU2DeLDw&sa=U&ved=2ahUKEwj48YO7h53_AhXpRzABHUYZBXw4tAEQtwJ6BAgHEAE&usg=AOvVaw3bFzPEjcosTJWLcCGYYeLq,https://www.youtube.com/watch?v=4MbFU2DeLDw,http://www.youtube.com/@ManojDeyVlogs
186,https://www.google.com/url?sa=t&source=web&rct=j&url=https://www.youtube.com/watch%3Fv%3DapBidwLVbIM&sa=U&ved=2ahUKEwj48YO7h53_AhXpRzABHUYZBXw4tAEQtwJ6BAgAEAE&usg=AOvVaw0GnITXMvL17ME7B5LD5KoQ,https://www.youtube.com/watch?v=apBidwLVbIM,http://www.youtube.com/@sriramselvan
187,https://www.google.com/url?sa=t&source=web&rct=j&url=https://www.youtube.com/watch%3Fv%3Daz4We1zfWUQ&sa=U&ved=2ahUKEwj48YO7h53_AhXpRzABHUYZBXw4tAEQtwJ6BAgFEAE&usg=AOvVaw1n_5PZGJf5IOfD_oQsEqxj,https://www.youtube.com/watch?v=az4We1zfWUQ,http://www.youtube.com/@TechBar
188,https://www.google.com/url?sa=t&source=web&rct=j&url=https://www.youtube.com/watch%3Fv%3DY9Cv5HrPw4M&sa=U&ved=2ahUKEwj48YO7h53_AhXpRzABHUYZBXw4tAEQtwJ6BAgDEAE&usg=AOvVaw3pp1BmhNhd-qB-hTb_bHuf,https://www.youtube.com/watch?v=Y9Cv5HrPw4M,http://www.youtube.com/@MoneyPurse
189,https://www.google.com/url?sa=t&source=web&rct=j&url=https://www.youtube.com/watch%3Fv%3D4h9mWVA_H4g&sa=U&ved=2ahUKEwj48YO7h53_AhXpRzABHUYZBXw4tAEQtwJ6BAgIEAE&usg=AOvVaw2NGxd_qnv-1lzpfg_oOljm,https://www.youtube.com/watch?v=4h9mWVA_H4g,http://www.youtube.com/@TechLogicinTelugu
190,https://www.google.com/url?sa=t&source=web&rct=j&url=https://www.youtube.com/watch%3Fv%3DJLks5qbRkaU&sa=U&ved=2ahUKEwjBqa27h53_AhXIRzABHcCzC504vgEQtwJ6BAgIEAE&usg=AOvVaw0ZdI0zAe3Fz8KJdzV1wrJo,https://www.youtube.com/watch?v=JLks5qbRkaU,http://www.youtube.com/@Prasadtechintelugu
191,https://www.google.com/url?sa=t&source=web&rct=j&url=https://m.youtube.com/watch%3Fv%3DuLCYI63DAT8&sa=U&ved=2ahUKEwjBqa27h53_AhXIRzABHcCzC504vgEQFnoECAEQAg&usg=AOvVaw0KaW0VvFzOJxsth3_ZFlcM,https://m.youtube.com/watch?v=uLCYI63DAT8,http://www.youtube.com/@finshowbynehanagar94
192,https://www.google.com/url?sa=t&source=web&rct=j&url=https://www.youtube.com/watch%3Fv%3Dv3ywl7W9Zf4&sa=U&ved=2ahUKEwjBqa27h53_AhXIRzABHcCzC504vgEQtwJ6BAgEEAE&usg=AOvVaw35YW1YBF-8Dt43HkqFgu19,https://www.youtube.com/watch?v=v3ywl7W9Zf4,http://www.youtube.com/@PamDSouza
193,https://www.google.com/url?sa=t&source=web&rct=j&url=https://www.youtube.com/watch%3Fv%3DCcijl--rcYQ&sa=U&ved=2ahUKEwjBqa27h53_AhXIRzABHcCzC504vgEQFnoECAkQAg&usg=AOvVaw2yeOGItOp42bagunV6Dfo7,https://www.youtube.com/watch?v=Ccijl--rcYQ,http://www.youtube.com/@VikasKasbe
194,https://www.google.com/url?sa=t&source=web&rct=j&url=https://www.youtube.com/watch%3Fv%3DzEd9C0eRwzY&sa=U&ved=2ahUKEwjBqa27h53_AhXIRzABHcCzC504vgEQtwJ6BAgAEAE&usg=AOvVaw08BBpHJiFeXcIgyObtc6XP,https://www.youtube.com/watch?v=zEd9C0eRwzY,http://www.youtube.com/@OpeninApp
195,https://www.google.com/url?sa=t&source=web&rct=j&url=https://www.youtube.com/watch%3Fv%3D9zAE4vYlaSw&sa=U&ved=2ahUKEwjBqa27h53_AhXIRzABHcCzC504vgEQtwJ6BAgFEAE&usg=AOvVaw1NsmQ13U2L_0jUN3pGFh9O,https://www.youtube.com/watch?v=9zAE4vYlaSw,http://www.youtube.com/@pahadispirits
196,https://www.google.com/url?sa=t&source=web&rct=j&url=https://www.youtube.com/watch%3Fv%3DoHpq3NW2bvs&sa=U&ved=2ahUKEwjBqa27h53_AhXIRzABHcCzC504vgEQtwJ6BAgGEAE&usg=AOvVaw3E14I-etjL_KCs2CMIbdmL,https://www.youtube.com/watch?v=oHpq3NW2bvs,http://www.youtube.com/@a1gamingofficial
197,https://www.google.com/url?sa=t&source=web&rct=j&url=https://www.youtube.com/watch%3Fv%3DonfzIzlFUqE&sa=U&ved=2ahUKEwjBqa27h53_AhXIRzABHcCzC504vgEQtwJ6BAgHEAE&usg=AOvVaw3UMDgYVW_xk9HELZ5yhUsN,https://www.youtube.com/watch?v=onfzIzlFUqE,http://www.youtube.com/@Prasadtechintelugu
198,https://www.google.com/url?sa=t&source=web&rct=j&url=https://www.youtube.com/watch%3Fv%3DFNey5HPrt1M&sa=U&ved=2ahUKEwjBqa27h53_AhXIRzABHcCzC504vgEQtwJ6BAgCEAE&usg=AOvVaw1d-sGmXYDvdAjGi0WtWMKc,https://www.youtube.com/watch?v=FNey5HPrt1M,http://www.youtube.com/@RiniChandraOfficial
199,https://www.google.com/url?sa=t&source=web&rct=j&url=https://www.youtube.com/watch%3Fv%3DrrfKkcSLRXw&sa=U&ved=2ahUKEwjBqa27h53_AhXIRzABHcCzC504vgEQtwJ6BAgDEAE&usg=AOvVaw0OfLqQZKsV8QYwImw7CHix,https://www.youtube.com/watch?v=rrfKkcSLRXw,http://www.youtube.com/@Prasadtechintelugu
200,https://www.google.com/url?sa=t&source=web&rct=j&url=https://www.youtube.com/watch%3Fv%3DGcFSTGsXxkE&sa=U&ved=2ahUKEwiE_9i7h53_AhUffTABHQ3UAHU4yAEQtwJ6BAgIEAE&usg=AOvVaw2UtP6CTcdifnGa5I3M9BO0,https://www.youtube.com/watch?v=GcFSTGsXxkE,http://www.youtube.com/@PamDSouza
201,https://www.google.com/url?sa=t&source=web&rct=j&url=https://www.youtube.com/watch%3Fv%3DYuij_9UNn-4&sa=U&ved=2ahUKEwiE_9i7h53_AhUffTABHQ3UAHU4yAEQtwJ6BAgJEAE&usg=AOvVaw294xOeIY6br3yiVz0Ywg_L,https://www.youtube.com/watch?v=Yuij_9UNn-4,http://www.youtube.com/@StudYLoveRVeeR
202,https://www.google.com/url?sa=t&source=web&rct=j&url=https://www.youtube.com/watch%3Fv%3DEYGPe4U0X-k&sa=U&ved=2ahUKEwiE_9i7h53_AhUffTABHQ3UAHU4yAEQtwJ6BAgGEAE&usg=AOvVaw03NpBjkDAL1h-F8uehgt0p,https://www.youtube.com/watch?v=EYGPe4U0X-k,http://www.youtube.com/@TechBar
203,https://www.google.com/url?sa=t&source=web&rct=j&url=https://www.youtube.com/watch%3Fv%3Dli4XWQRnpPk&sa=U&ved=2ahUKEwiE_9i7h53_AhUffTABHQ3UAHU4yAEQtwJ6BAgBEAE&usg=AOvVaw31fdO9NjV6EsTvfdyKVPyD,https://www.youtube.com/watch?v=li4XWQRnpPk,http://www.youtube.com/@PamDSouza
204,https://www.google.com/url?sa=t&source=web&rct=j&url=https://www.youtube.com/watch%3Fv%3DDX-JyMGxniY&sa=U&ved=2ahUKEwiE_9i7h53_AhUffTABHQ3UAHU4yAEQtwJ6BAgDEAE&usg=AOvVaw0Jwlny-rI_2YzmVGht70sn,https://www.youtube.com/watch?v=DX-JyMGxniY,http://www.youtube.com/@PamDSouza
205,https://www.google.com/url?sa=t&source=web&rct=j&url=https://www.youtube.com/watch%3Fv%3D1QuRO6uTKvM&sa=U&ved=2ahUKEwiE_9i7h53_AhUffTABHQ3UAHU4yAEQtwJ6BAgCEAE&usg=AOvVaw2UlOsSLu-6GHuwnN4lhc5B,https://www.youtube.com/watch?v=1QuRO6uTKvM,http://www.youtube.com/@finshowbynehanagar94
206,https://www.google.com/url?sa=t&source=web&rct=j&url=https://www.youtube.com/watch%3Fv%3D-roak9DA110&sa=U&ved=2ahUKEwiE_9i7h53_AhUffTABHQ3UAHU4yAEQtwJ6BAgHEAE&usg=AOvVaw3okOCmbyX5FAoNms5Nspza,https://www.youtube.com/watch?v=-roak9DA110,http://www.youtube.com/@Prasadtechintelugu
207,https://www.google.com/url?sa=t&source=web&rct=j&url=https://www.youtube.com/watch%3Fv%3DL9Xsyx4d2vI&sa=U&ved=2ahUKEwiE_9i7h53_AhUffTABHQ3UAHU4yAEQtwJ6BAgFEAE&usg=AOvVaw2qW3_7vgM0WZqBm6cU2hL-,https://www.youtube.com/watch?v=L9Xsyx4d2vI,http://www.youtube.com/@daytradertelugu
208,https://www.google.com/url?sa=t&source=web&rct=j&url=https://www.youtube.com/watch%3Fv%3DeZt60cJVGqM&sa=U&ved=2ahUKEwiE_9i7h53_AhUffTABHQ3UAHU4yAEQtwJ6BAgAEAE&usg=AOvVaw1KYQ3uyV8uAzCj3LKSHtu1,https://www.youtube.com/watch?v=eZt60cJVGqM,http://www.youtube.com/@Prasadtechintelugu
209,https://www.google.com/url?sa=t&source=web&rct=j&url=https://www.youtube.com/watch%3Fv%3Da1iO0K4divQ&sa=U&ved=2ahUKEwiE_9i7h53_AhUffTABHQ3UAHU4yAEQtwJ6BAgEEAE&usg=AOvVaw0QH9YTBpc2cls4X9d_Br0e,https://www.youtube.com/watch?v=a1iO0K4divQ,http://www.youtube.com/@Prasadtechintelugu
210,https://www.google.com/url?sa=t&source=web&rct=j&url=https://www.youtube.com/watch%3Fv%3DMR22MpK-5LI&sa=U&ved=2ahUKEwiezYe8h53_AhU1RTABHTwOBzA40gEQtwJ6BAgFEAE&usg=AOvVaw1ySxK1NRSROj2hHrmK3HaG,https://www.youtube.com/watch?v=MR22MpK-5LI,http://www.youtube.com/@PamDSouza
211,https://www.google.com/url?sa=t&source=web&rct=j&url=https://www.youtube.com/watch%3Fv%3DzqyTkArU5Y0&sa=U&ved=2ahUKEwiezYe8h53_AhU1RTABHTwOBzA40gEQtwJ6BAgJEAE&usg=AOvVaw1sZ5TJMvripSZoGqWKfXuv,https://www.youtube.com/watch?v=zqyTkArU5Y0,http://www.youtube.com/@PamDSouza
212,https://www.google.com/url?sa=t&source=web&rct=j&url=https://www.youtube.com/watch%3Fv%3D8oGg1xEsv8A&sa=U&ved=2ahUKEwiezYe8h53_AhU1RTABHTwOBzA40gEQtwJ6BAgEEAE&usg=AOvVaw1k3XdYpeBzns_pQzoCzS7P,https://www.youtube.com/watch?v=8oGg1xEsv8A,http://www.youtube.com/@techwiser
213,https://www.google.com/url?sa=t&source=web&rct=j&url=https://www.youtube.com/watch%3Fv%3DRwGfzBYiTHs&sa=U&ved=2ahUKEwiezYe8h53_AhU1RTABHTwOBzA40gEQtwJ6BAgAEAE&usg=AOvVaw2edPms94cw1maNsLRLtpMK,https://www.youtube.com/watch?v=RwGfzBYiTHs,http://www.youtube.com/@ManojDeyVlogs
214,https://www.google.com/url?sa=t&source=web&rct=j&url=https://www.youtube.com/watch%3Fv%3DYDeT4e0Yp2E&sa=U&ved=2ahUKEwiezYe8h53_AhU1RTABHTwOBzA40gEQtwJ6BAgDEAE&usg=AOvVaw1Opqs91iJfHzu4HhZ7AEvI,https://www.youtube.com/watch?v=YDeT4e0Yp2E,http://www.youtube.com/@PamDSouza
215,https://www.google.com/url?sa=t&source=web&rct=j&url=https://www.youtube.com/watch%3Fv%3DXWxxbgq7t1Y&sa=U&ved=2ahUKEwiezYe8h53_AhU1RTABHTwOBzA40gEQtwJ6BAgCEAE&usg=AOvVaw1RWEKVGqh2DnEwZUquvm0n,https://www.youtube.com/watch?v=XWxxbgq7t1Y,http://www.youtube.com/@PamDSouza
216,https://www.google.com/url?sa=t&source=web&rct=j&url=https://www.youtube.com/watch%3Fv%3DPw9cYgWm6dc&sa=U&ved=2ahUKEwiezYe8h53_AhU1RTABHTwOBzA40gEQtwJ6BAgBEAE&usg=AOvVaw1eycSltl7iVH25XgrxnBDs,https://www.youtube.com/watch?v=Pw9cYgWm6dc,http://www.youtube.com/@MoneyPurse
217,https://www.google.com/url?sa=t&source=web&rct=j&url=https://www.youtube.com/watch%3Fv%3DsyWSBsrtmkA&sa=U&ved=2ahUKEwiezYe8h53_AhU1RTABHTwOBzA40gEQtwJ6BAgIEAE&usg=AOvVaw0vXyCDQilFGatoKjyDSSk7,https://www.youtube.com/watch?v=syWSBsrtmkA,http://www.youtube.com/@Prasadtechintelugu
218,https://www.google.com/url?sa=t&source=web&rct=j&url=https://www.youtube.com/watch%3Fv%3DFaK1kkbToyE&sa=U&ved=2ahUKEwiezYe8h53_AhU1RTABHTwOBzA40gEQtwJ6BAgHEAE&usg=AOvVaw0p-IferLqpJ8aQ9uyop18g,https://www.youtube.com/watch?v=FaK1kkbToyE,http://www.youtube.com/@Prasadtechintelugu
219,https://www.google.com/url?sa=t&source=web&rct=j&url=https://www.youtube.com/watch%3Fv%3DjzSC0y6SZs4&sa=U&ved=2ahUKEwiezYe8h53_AhU1RTABHTwOBzA40gEQtwJ6BAgGEAE&usg=AOvVaw0kSr_Mjrtwui3RSBT83rfV,https://www.youtube.com/watch?v=jzSC0y6SZs4,http://www.youtube.com/@PamDSouza
220,https://www.google.com/url?sa=t&source=web&rct=j&url=https://www.youtube.com/watch%3Fv%3DP9i4OVFqPPI&sa=U&ved=2ahUKEwik5re8h53_AhUBRjABHXrSCXA43AEQtwJ6BAgEEAE&usg=AOvVaw1OpniAV5IMgQ-HVfneLXv9,https://www.youtube.com/watch?v=P9i4OVFqPPI,http://www.youtube.com/@Prasadtechintelugu
221,https://www.google.com/url?sa=t&source=web&rct=j&url=https://www.youtube.com/watch%3Fv%3D8nXEzhmBni4&sa=U&ved=2ahUKEwik5re8h53_AhUBRjABHXrSCXA43AEQtwJ6BAgJEAE&usg=AOvVaw2HKFPSiFnsyWXZtnDOq-YD,https://www.youtube.com/watch?v=8nXEzhmBni4,http://www.youtube.com/@mayanshnagar4887
222,https://www.google.com/url?sa=t&source=web&rct=j&url=https://www.youtube.com/watch%3Fv%3Dr-bkKr1RwUo&sa=U&ved=2ahUKEwik5re8h53_AhUBRjABHXrSCXA43AEQtwJ6BAgGEAE&usg=AOvVaw07DDfD54fnzpnWJXE4GoQ5,https://www.youtube.com/watch?v=r-bkKr1RwUo,http://www.youtube.com/@TechBar
223,https://www.google.com/url?sa=t&source=web&rct=j&url=https://www.youtube.com/watch%3Fv%3DnBE-wL0IZrU&sa=U&ved=2ahUKEwik5re8h53_AhUBRjABHXrSCXA43AEQtwJ6BAgDEAE&usg=AOvVaw22AgEdPZntu2XZzjuj-BiI,https://www.youtube.com/watch?v=nBE-wL0IZrU,http://www.youtube.com/@SOLOLEGION
224,https://www.google.com/url?sa=t&source=web&rct=j&url=https://www.youtube.com/watch%3Fv%3DJ_V00YxByBE&sa=U&ved=2ahUKEwik5re8h53_AhUBRjABHXrSCXA43AEQtwJ6BAgBEAE&usg=AOvVaw05XyDKk9bTKcFfcnpVEjhK,https://www.youtube.com/watch?v=J_V00YxByBE,http://www.youtube.com/@SOLOLEGION
225,https://www.google.com/url?sa=t&source=web&rct=j&url=https://www.youtube.com/watch%3Fv%3DKqZGpgIqK6Y&sa=U&ved=2ahUKEwik5re8h53_AhUBRjABHXrSCXA43AEQtwJ6BAgHEAE&usg=AOvVaw2Anor8wjneVSeRab94wbo-,https://www.youtube.com/watch?v=KqZGpgIqK6Y,http://www.youtube.com/@finshowbynehanagar94
226,https://www.google.com/url?sa=t&source=web&rct=j&url=https://www.youtube.com/watch%3Fv%3DMju1EECtSHA&sa=U&ved=2ahUKEwik5re8h53_AhUBRjABHXrSCXA43AEQtwJ6BAgFEAE&usg=AOvVaw11a_p9U-_sFdTiG1HAMmQN,https://www.youtube.com/watch?v=Mju1EECtSHA,http://www.youtube.com/@PamDSouza
227,https://www.google.com/url?sa=t&source=web&rct=j&url=https://www.youtube.com/watch%3Fv%3DaNEQOZjFWQM&sa=U&ved=2ahUKEwik5re8h53_AhUBRjABHXrSCXA43AEQtwJ6BAgAEAE&usg=AOvVaw1vNq48xO3g28-Nuw1sMwHx,https://www.youtube.com/watch?v=aNEQOZjFWQM,http://www.youtube.com/@grvmusicc
228,https://www.google.com/url?sa=t&source=web&rct=j&url=https://www.youtube.com/watch%3Fv%3DXHpPdk-Pjl0&sa=U&ved=2ahUKEwik5re8h53_AhUBRjABHXrSCXA43AEQtwJ6BAgIEAE&usg=AOvVaw1usuMqwUQH4er2L9Vm-_tt,https://www.youtube.com/watch?v=XHpPdk-Pjl0,http://www.youtube.com/@bid6_shobhit592
229,https://www.google.com/url?sa=t&source=web&rct=j&url=https://www.youtube.com/watch%3Fv%3D1dc4x7pQQJQ&sa=U&ved=2ahUKEwik5re8h53_AhUBRjABHXrSCXA43AEQtwJ6BAgCEAE&usg=AOvVaw2zuSS84X7oot0Mrk3C-tuh,https://www.youtube.com/watch?v=1dc4x7pQQJQ,http://www.youtube.com/@Prasadtechintelugu
230,https://www.google.com/url?sa=t&source=web&rct=j&url=https://www.youtube.com/watch%3Fv%3DJqLf6ACduZc&sa=U&ved=2ahUKEwiS2ea8h53_AhUFszEKHerFD8A45gEQtwJ6BAgCEAE&usg=AOvVaw1uJHzr2e9xrOjsD_6ukyX7,https://www.youtube.com/watch?v=JqLf6ACduZc,http://www.youtube.com/@SimpleGharTelugu
231,https://www.google.com/url?sa=t&source=web&rct=j&url=https://www.youtube.com/watch%3Fv%3DbQ30leUTO5g&sa=U&ved=2ahUKEwiS2ea8h53_AhUFszEKHerFD8A45gEQtwJ6BAgJEAE&usg=AOvVaw24tPifGHdGlXZnOgK79uTe,https://www.youtube.com/watch?v=bQ30leUTO5g,http://www.youtube.com/@daytradertelugu2.0
232,https://www.google.com/url?sa=t&source=web&rct=j&url=https://www.youtube.com/watch%3Fv%3Dr3krfr9vdw8&sa=U&ved=2ahUKEwiS2ea8h53_AhUFszEKHerFD8A45gEQtwJ6BAgAEAE&usg=AOvVaw2yP76kKq0FZTz-1Ip-mJ7b,https://www.youtube.com/watch?v=r3krfr9vdw8,http://www.youtube.com/@GrandeurRides
233,https://www.google.com/url?sa=t&source=web&rct=j&url=https://www.youtube.com/watch%3Fv%3D1GCsKCqMMc8&sa=U&ved=2ahUKEwiS2ea8h53_AhUFszEKHerFD8A45gEQtwJ6BAgFEAE&usg=AOvVaw1W9suksmrR-U__ZPfkp6zy,https://www.youtube.com/watch?v=1GCsKCqMMc8,http://www.youtube.com/@vineetgarg147
234,https://www.google.com/url?sa=t&source=web&rct=j&url=https://www.youtube.com/watch%3Fv%3DjNr_jZOnFj0&sa=U&ved=2ahUKEwiS2ea8h53_AhUFszEKHerFD8A45gEQtwJ6BAgBEAE&usg=AOvVaw3qs3yjrBB7Z22_qADd8_rc,https://www.youtube.com/watch?v=jNr_jZOnFj0,http://www.youtube.com/@PamDSouza
235,https://www.google.com/url?sa=t&source=web&rct=j&url=https://www.youtube.com/watch%3Fv%3DOF8igfKcK7c&sa=U&ved=2ahUKEwiS2ea8h53_AhUFszEKHerFD8A45gEQtwJ6BAgIEAE&usg=AOvVaw23RJnsNkMK4i4AMkayo7rz,https://www.youtube.com/watch?v=OF8igfKcK7c,http://www.youtube.com/@TechSingh
236,https://www.google.com/url?sa=t&source=web&rct=j&url=https://www.youtube.com/watch%3Fv%3D40wO7-FdZUo&sa=U&ved=2ahUKEwiS2ea8h53_AhUFszEKHerFD8A45gEQtwJ6BAgEEAE&usg=AOvVaw098hGgRPHpdN0DEnoBsoCB,https://www.youtube.com/watch?v=40wO7-FdZUo,http://www.youtube.com/@PamDSouza
237,https://www.google.com/url?sa=t&source=web&rct=j&url=https://www.youtube.com/watch%3Fv%3DmZql00BGSVY&sa=U&ved=2ahUKEwiS2ea8h53_AhUFszEKHerFD8A45gEQtwJ6BAgDEAE&usg=AOvVaw357S3TA99O0D9pJHOoe9n4,https://www.youtube.com/watch?v=mZql00BGSVY,http://www.youtube.com/@nehanagarfinance229
238,https://www.google.com/url?sa=t&source=web&rct=j&url=https://www.youtube.com/watch%3Fv%3DWqaJHusbW4s&sa=U&ved=2ahUKEwiS2ea8h53_AhUFszEKHerFD8A45gEQtwJ6BAgGEAE&usg=AOvVaw2FBM_xJHNIjVjdP0GsCHZt,https://www.youtube.com/watch?v=WqaJHusbW4s,http://www.youtube.com/@daytradertelugu
239,https://www.google.com/url?sa=t&source=web&rct=j&url=https://www.youtube.com/watch%3Fv%3DyvbcyhdC-Qo&sa=U&ved=2ahUKEwiS2ea8h53_AhUFszEKHerFD8A45gEQtwJ6BAgHEAE&usg=AOvVaw1jbASCQkcPWOSuUnvUbW6T,https://www.youtube.com/watch?v=yvbcyhdC-Qo,http://www.youtube.com/@SimpleGharTelugu
240,https://www.google.com/url?sa=t&source=web&rct=j&url=https://www.youtube.com/watch%3Fv%3DfQrNsIiNeTw&sa=U&ved=2ahUKEwjQwJe9h53_AhXdRTABHeR8AMA48AEQtwJ6BAgBEAE&usg=AOvVaw21VXjOx_9NU9ddCBd_lwid,https://www.youtube.com/watch?v=fQrNsIiNeTw,http://www.youtube.com/@GrandeurRides
241,https://www.google.com/url?sa=t&source=web&rct=j&url=https://www.youtube.com/watch%3Fv%3Dj1Lmtld6fIE&sa=U&ved=2ahUKEwjQwJe9h53_AhXdRTABHeR8AMA48AEQtwJ6BAgJEAE&usg=AOvVaw2C-sswBQ357SXG4fnGaBLI,https://www.youtube.com/watch?v=j1Lmtld6fIE,http://www.youtube.com/@MoneyPurse
242,https://www.google.com/url?sa=t&source=web&rct=j&url=https://www.youtube.com/watch%3Fv%3DMQAEksxQ97s&sa=U&ved=2ahUKEwjQwJe9h53_AhXdRTABHeR8AMA48AEQtwJ6BAgAEAE&usg=AOvVaw27fX2Dh-kq_p9bRVjYubYc,https://www.youtube.com/watch?v=MQAEksxQ97s,http://www.youtube.com/@TheWorldOfScienceCo
243,https://www.google.com/url?sa=t&source=web&rct=j&url=https://www.youtube.com/watch%3Fv%3DQ84PteAKy8M&sa=U&ved=2ahUKEwjQwJe9h53_AhXdRTABHeR8AMA48AEQtwJ6BAgFEAE&usg=AOvVaw1QoIqiJmx8BRmYGlfEQ1g2,https://www.youtube.com/watch?v=Q84PteAKy8M,http://www.youtube.com/@dsa5302
244,https://www.google.com/url?sa=t&source=web&rct=j&url=https://www.youtube.com/watch%3Fv%3DYgdoTxHive0&sa=U&ved=2ahUKEwjQwJe9h53_AhXdRTABHeR8AMA48AEQtwJ6BAgEEAE&usg=AOvVaw2mrOpicQI7ozxb5b_fcLLy,https://www.youtube.com/watch?v=YgdoTxHive0,http://www.youtube.com/@PamDSouza
245,https://www.google.com/url?sa=t&source=web&rct=j&url=https://www.youtube.com/watch%3Fv%3DnFGpABUChak&sa=U&ved=2ahUKEwjQwJe9h53_AhXdRTABHeR8AMA48AEQtwJ6BAgIEAE&usg=AOvVaw1GXh1t9dssMACN5QQcXFrq,https://www.youtube.com/watch?v=nFGpABUChak,http://www.youtube.com/@PamDSouza
246,https://www.google.com/url?sa=t&source=web&rct=j&url=https://www.youtube.com/watch%3Fv%3DoB9nkMz8Xy0&sa=U&ved=2ahUKEwjQwJe9h53_AhXdRTABHeR8AMA48AEQtwJ6BAgGEAE&usg=AOvVaw3SWdc3wnF5xduRWvJ5YLZL,https://www.youtube.com/watch?v=oB9nkMz8Xy0,http://www.youtube.com/@MoneyPurse
247,https://www.google.com/url?sa=t&source=web&rct=j&url=https://www.youtube.com/watch%3Fv%3DYxjurdv-1-A&sa=U&ved=2ahUKEwjQwJe9h53_AhXdRTABHeR8AMA48AEQtwJ6BAgHEAE&usg=AOvVaw2Fk-vDk5-Z5J22J5TF19PT,https://www.youtube.com/watch?v=Yxjurdv-1-A,http://www.youtube.com/@ManojDeyVlogs
248,https://www.google.com/url?sa=t&source=web&rct=j&url=https://www.youtube.com/watch%3Fv%3DqDIVTTnKnzQ&sa=U&ved=2ahUKEwjQwJe9h53_AhXdRTABHeR8AMA48AEQtwJ6BAgDEAE&usg=AOvVaw2_XlUZPQzIE7TyEdQ2IxxZ,https://www.youtube.com/watch?v=qDIVTTnKnzQ,http://www.youtube.com/@PamDSouza
249,https://www.google.com/url?sa=t&source=web&rct=j&url=https://www.youtube.com/watch%3Fv%3Dj2IfTqNUXHk&sa=U&ved=2ahUKEwjQwJe9h53_AhXdRTABHeR8AMA48AEQtwJ6BAgCEAE&usg=AOvVaw1BrjZHXz_QfFaFyDY1qWSa,https://www.youtube.com/watch?v=j2IfTqNUXHk,http://www.youtube.com/@Prasadtechintelugu
250,https://www.google.com/url?sa=t&source=web&rct=j&url=https://www.youtube.com/watch%3Fv%3DZL4pF6TleL0&sa=U&ved=2ahUKEwiS7cu9h53_AhVyr4QIHTb7ABU4-gEQtwJ6BAgIEAE&usg=AOvVaw29GEoPzaC0GBduKJ6lmfYQ,https://www.youtube.com/watch?v=ZL4pF6TleL0,http://www.youtube.com/@Ranjithonwheels
251,https://www.google.com/url?sa=t&source=web&rct=j&url=https://www.youtube.com/watch%3Fv%3D6lzLS-Bn2vg&sa=U&ved=2ahUKEwiS7cu9h53_AhVyr4QIHTb7ABU4-gEQtwJ6BAgJEAE&usg=AOvVaw3Jue2ns8EkzK4FksfrjrqH,https://www.youtube.com/watch?v=6lzLS-Bn2vg,http://www.youtube.com/@daytradertelugu
252,https://www.google.com/url?sa=t&source=web&rct=j&url=https://www.youtube.com/watch%3Fv%3DUeG7C22xdwI&sa=U&ved=2ahUKEwiS7cu9h53_AhVyr4QIHTb7ABU4-gEQtwJ6BAgDEAE&usg=AOvVaw0L2WGkWamwNH9edr1QCEt3,https://www.youtube.com/watch?v=UeG7C22xdwI,http://www.youtube.com/@TheWorldOfScienceCo
253,https://www.google.com/url?sa=t&source=web&rct=j&url=https://www.youtube.com/watch%3Fv%3DVUIDCaDLvEU&sa=U&ved=2ahUKEwiS7cu9h53_AhVyr4QIHTb7ABU4-gEQtwJ6BAgCEAE&usg=AOvVaw26cPhkURbMeBXB8ePtE2yh,https://www.youtube.com/watch?v=VUIDCaDLvEU,http://www.youtube.com/@nehanagarfinance229
254,https://www.google.com/url?sa=t&source=web&rct=j&url=https://www.youtube.com/watch%3Fapp%3Ddesktop%26v%3D9ETPXHKZb94&sa=U&ved=2ahUKEwiS7cu9h53_AhVyr4QIHTb7ABU4-gEQtwJ6BAgBEAE&usg=AOvVaw2RWpNdHZqUcfd-QEg117-2,https://www.youtube.com/watch?app=desktop&v=9ETPXHKZb94,http://www.youtube.com/@MoneyPurse
255,https://www.google.com/url?sa=t&source=web&rct=j&url=https://www.youtube.com/watch%3Fv%3DrVCoyOW5T20&sa=U&ved=2ahUKEwiS7cu9h53_AhVyr4QIHTb7ABU4-gEQtwJ6BAgEEAE&usg=AOvVaw2XzOIB3jht2gElAA8-6Kpu,https://www.youtube.com/watch?v=rVCoyOW5T20,http://www.youtube.com/@TheWorldOfScienceCo
256,https://www.google.com/url?sa=t&source=web&rct=j&url=https://www.youtube.com/watch%3Fv%3DZZVv-T0vqfI&sa=U&ved=2ahUKEwiS7cu9h53_AhVyr4QIHTb7ABU4-gEQtwJ6BAgAEAE&usg=AOvVaw0VdXyu3b4HtWQZwLKS4mIA,https://www.youtube.com/watch?v=ZZVv-T0vqfI,http://www.youtube.com/@MoneyPurse
257,https://www.google.com/url?sa=t&source=web&rct=j&url=https://www.youtube.com/watch%3Fv%3Dcfx5PYfAm5U&sa=U&ved=2ahUKEwiS7cu9h53_AhVyr4QIHTb7ABU4-gEQtwJ6BAgHEAE&usg=AOvVaw209b8gdbrMQ1w6cRjyYoeu,https://www.youtube.com/watch?v=cfx5PYfAm5U,http://www.youtube.com/@MoneyPurse
258,https://www.google.com/url?sa=t&source=web&rct=j&url=https://www.youtube.com/watch%3Fv%3DEyrAtTcWqvk&sa=U&ved=2ahUKEwiS7cu9h53_AhVyr4QIHTb7ABU4-gEQtwJ6BAgGEAE&usg=AOvVaw3AZmvn_-c1xPkbh6w3AOE4,https://www.youtube.com/watch?v=EyrAtTcWqvk,http://www.youtube.com/@SimpleGharTelugu
259,https://www.google.com/url?sa=t&source=web&rct=j&url=https://www.youtube.com/watch%3Fv%3DY5XrvV4a-bY&sa=U&ved=2ahUKEwiS7cu9h53_AhVyr4QIHTb7ABU4-gEQtwJ6BAgFEAE&usg=AOvVaw02cYhw0o4oZyOvV1-41SEn,https://www.youtube.com/watch?v=Y5XrvV4a-bY,http://www.youtube.com/@daytradertelugu
260,https://www.google.com/url?sa=t&source=web&rct=j&url=https://www.youtube.com/watch%3Fv%3DZQcRtP1xxHQ&sa=U&ved=2ahUKEwiNo4S-h53_AhVzmIQIHQRHDG44hAIQtwJ6BAgDEAE&usg=AOvVaw1oDxQHqQN7loRcDh8lSuoR,https://www.youtube.com/watch?v=ZQcRtP1xxHQ,http://www.youtube.com/@PLAYGROUND_GLOBAL
261,https://www.google.com/url?sa=t&source=web&rct=j&url=https://www.youtube.com/watch%3Fv%3DJ2OcOxtLCTg&sa=U&ved=2ahUKEwiNo4S-h53_AhVzmIQIHQRHDG44hAIQtwJ6BAgJEAE&usg=AOvVaw3R8UaRD6TbAPLfux-EgPOi,https://www.youtube.com/watch?v=J2OcOxtLCTg,http://www.youtube.com/@cuetadda247
262,https://www.google.com/url?sa=t&source=web&rct=j&url=https://www.youtube.com/watch%3Fv%3DvrnlrP_QAjo&sa=U&ved=2ahUKEwiNo4S-h53_AhVzmIQIHQRHDG44hAIQtwJ6BAgAEAE&usg=AOvVaw2ZvWU79H8jzEakmRwqb1WQ,https://www.youtube.com/watch?v=vrnlrP_QAjo,http://www.youtube.com/@TechBar
263,https://www.google.com/url?sa=t&source=web&rct=j&url=https://www.youtube.com/watch%3Fv%3DMNBedoubYIw&sa=U&ved=2ahUKEwiNo4S-h53_AhVzmIQIHQRHDG44hAIQtwJ6BAgHEAE&usg=AOvVaw04JmSAYFTAfZdBswlqIywB,https://www.youtube.com/watch?v=MNBedoubYIw,http://www.youtube.com/@soyebaftabaiims
264,https://www.google.com/url?sa=t&source=web&rct=j&url=https://www.youtube.com/watch%3Fv%3DdYrqtLTe6eM&sa=U&ved=2ahUKEwiNo4S-h53_AhVzmIQIHQRHDG44hAIQtwJ6BAgGEAE&usg=AOvVaw3hJUHSaT_oHR_a9_qIQvTB,https://www.youtube.com/watch?v=dYrqtLTe6eM,http://www.youtube.com/@raidenshubham
265,https://www.google.com/url?sa=t&source=web&rct=j&url=https://www.youtube.com/watch%3Fv%3D_wdCbjFyKuw&sa=U&ved=2ahUKEwiNo4S-h53_AhVzmIQIHQRHDG44hAIQtwJ6BAgFEAE&usg=AOvVaw24ENqgARU6-45rKc4r6EHG,https://www.youtube.com/watch?v=_wdCbjFyKuw,http://www.youtube.com/@cuetadda247
266,https://www.google.com/url?sa=t&source=web&rct=j&url=https://www.youtube.com/watch%3Fv%3Dtpsqj9wMmsM&sa=U&ved=2ahUKEwiNo4S-h53_AhVzmIQIHQRHDG44hAIQtwJ6BAgEEAE&usg=AOvVaw3PqMdfyaUaUj42kIVnKa2i,https://www.youtube.com/watch?v=tpsqj9wMmsM,http://www.youtube.com/@RahulRKGamer
267,https://www.google.com/url?sa=t&source=web&rct=j&url=https://www.youtube.com/watch%3Fv%3DHrq4oiefl78&sa=U&ved=2ahUKEwiNo4S-h53_AhVzmIQIHQRHDG44hAIQtwJ6BAgIEAE&usg=AOvVaw3hPmLWQg5TYOveEmM2o8Qt,https://www.youtube.com/watch?v=Hrq4oiefl78,http://www.youtube.com/@VlogswithRonak
268,https://www.google.com/url?sa=t&source=web&rct=j&url=https://www.youtube.com/watch%3Fv%3D02JAv7LjyUI&sa=U&ved=2ahUKEwiNo4S-h53_AhVzmIQIHQRHDG44hAIQtwJ6BAgBEAE&usg=AOvVaw3XeoOfHGwTcXDInvlaHqmf,https://www.youtube.com/watch?v=02JAv7LjyUI,http://www.youtube.com/@SOLOLEGION
269,https://www.google.com/url?sa=t&source=web&rct=j&url=https://www.youtube.com/watch%3Fv%3DugQQcUvq3rE&sa=U&ved=2ahUKEwiNo4S-h53_AhVzmIQIHQRHDG44hAIQtwJ6BAgCEAE&usg=AOvVaw2sFfSdax7qdn5IScaNn0BE,https://www.youtube.com/watch?v=ugQQcUvq3rE,http://www.youtube.com/@cuetadda247
270,https://www.google.com/url?sa=t&source=web&rct=j&url=https://www.youtube.com/watch%3Fv%3DwfitEBinOgE&sa=U&ved=2ahUKEwjwvr6-h53_AhWMsoQIHTjCB3k4jgIQtwJ6BAgGEAE&usg=AOvVaw18FdpEcQ3hoN0qM__xBt1F,https://www.youtube.com/watch?v=wfitEBinOgE,http://www.youtube.com/@SOLOLEGION
271,https://www.google.com/url?sa=t&source=web&rct=j&url=https://www.youtube.com/watch%3Fv%3DrwhK4jkeffA&sa=U&ved=2ahUKEwjwvr6-h53_AhWMsoQIHTjCB3k4jgIQtwJ6BAgJEAE&usg=AOvVaw3e5eXWgHAUE26Dk64wF_D_,https://www.youtube.com/watch?v=rwhK4jkeffA,http://www.youtube.com/@tnpscKarpathuias
272,https://www.google.com/url?sa=t&source=web&rct=j&url=https://www.youtube.com/watch%3Fv%3DkjT_A3E8I3w&sa=U&ved=2ahUKEwjwvr6-h53_AhWMsoQIHTjCB3k4jgIQtwJ6BAgFEAE&usg=AOvVaw1i8l1xcA_JRtrHgoddh0CG,https://www.youtube.com/watch?v=kjT_A3E8I3w,http://www.youtube.com/@Zamaanaa
273,https://www.google.com/url?sa=t&source=web&rct=j&url=https://www.youtube.com/watch%3Fv%3DYcva36r7tXI&sa=U&ved=2ahUKEwjwvr6-h53_AhWMsoQIHTjCB3k4jgIQtwJ6BAgHEAE&usg=AOvVaw2RSuIJvob9IXdmljkLutgT,https://www.youtube.com/watch?v=Ycva36r7tXI,http://www.youtube.com/@TechBar
274,https://www.google.com/url?sa=t&source=web&rct=j&url=https://www.youtube.com/watch%3Fv%3D-dxG4lSqePI&sa=U&ved=2ahUKEwjwvr6-h53_AhWMsoQIHTjCB3k4jgIQtwJ6BAgBEAE&usg=AOvVaw2SL0k2QAGfocban3tToNJ6,https://www.youtube.com/watch?v=-dxG4lSqePI,http://www.youtube.com/@SOLOLEGION
275,https://www.google.com/url?sa=t&source=web&rct=j&url=https://www.youtube.com/watch%3Fv%3DWfOMDXt3H24&sa=U&ved=2ahUKEwjwvr6-h53_AhWMsoQIHTjCB3k4jgIQtwJ6BAgCEAE&usg=AOvVaw1KhY_ZBkcn4obkXxVdJYOj,https://www.youtube.com/watch?v=WfOMDXt3H24,http://www.youtube.com/@Prasadtechintelugu
276,https://www.google.com/url?sa=t&source=web&rct=j&url=https://www.youtube.com/watch%3Fv%3DVcYiZqSokdk&sa=U&ved=2ahUKEwjwvr6-h53_AhWMsoQIHTjCB3k4jgIQtwJ6BAgIEAE&usg=AOvVaw1Y78kVPP2nKBS0iDaWV-CM,https://www.youtube.com/watch?v=VcYiZqSokdk,http://www.youtube.com/@SOLOLEGION
277,https://www.google.com/url?sa=t&source=web&rct=j&url=https://www.youtube.com/watch%3Fv%3DvKQ39t6zPJM&sa=U&ved=2ahUKEwjwvr6-h53_AhWMsoQIHTjCB3k4jgIQtwJ6BAgDEAE&usg=AOvVaw2WwTRLRJCzE2UNV3YSYslP,https://www.youtube.com/watch?v=vKQ39t6zPJM,http://www.youtube.com/@SOLOLEGION
278,https://www.google.com/url?sa=t&source=web&rct=j&url=https://www.youtube.com/watch%3Fv%3DojhlR3Z-tTA&sa=U&ved=2ahUKEwjwvr6-h53_AhWMsoQIHTjCB3k4jgIQtwJ6BAgAEAE&usg=AOvVaw3DUGJBGrjsSGT0q9OKi83G,https://www.youtube.com/watch?v=ojhlR3Z-tTA,http://www.youtube.com/@SOLOLEGION
279,https://www.google.com/url?sa=t&source=web&rct=j&url=https://www.youtube.com/watch%3Fv%3DcNqfCkT7l-I&sa=U&ved=2ahUKEwjwvr6-h53_AhWMsoQIHTjCB3k4jgIQtwJ6BAgEEAE&usg=AOvVaw1pqwrDRm5N6LYfvsBzROZI,https://www.youtube.com/watch?v=cNqfCkT7l-I,http://www.youtube.com/@SOLOLEGION
280,https://www.google.com/url?sa=t&source=web&rct=j&url=https://www.youtube.com/watch%3Fv%3Ds1P3xI6XdNA&sa=U&ved=2ahUKEwj9vvq-h53_AhVkgYQIHaAADzU4mAIQtwJ6BAgHEAE&usg=AOvVaw1E87vwUP9V9MCVwwVKNNKs,https://www.youtube.com/watch?v=s1P3xI6XdNA,http://www.youtube.com/@TrueTechy
281,https://www.google.com/url?sa=t&source=web&rct=j&url=https://www.youtube.com/watch%3Fv%3DpHuKqvGYQkc&sa=U&ved=2ahUKEwj9vvq-h53_AhVkgYQIHaAADzU4mAIQtwJ6BAgIEAE&usg=AOvVaw2Q27QFzFzHky1tst_AXPne,https://www.youtube.com/watch?v=pHuKqvGYQkc,http://www.youtube.com/@cuetadda247
282,https://www.google.com/url?sa=t&source=web&rct=j&url=https://www.youtube.com/watch%3Fv%3DjHXAZ4v2sIY&sa=U&ved=2ahUKEwj9vvq-h53_AhVkgYQIHaAADzU4mAIQtwJ6BAgCEAE&usg=AOvVaw3hCeNC693Oezg6gd_upy9Q,https://www.youtube.com/watch?v=jHXAZ4v2sIY,http://www.youtube.com/@aburobb
283,https://www.google.com/url?sa=t&source=web&rct=j&url=https://www.youtube.com/watch%3Fv%3DmBdd__EN_eE&sa=U&ved=2ahUKEwj9vvq-h53_AhVkgYQIHaAADzU4mAIQtwJ6BAgBEAE&usg=AOvVaw2vdhM9CnT_9qG68KgZ8BoN,https://www.youtube.com/watch?v=mBdd__EN_eE,http://www.youtube.com/@cuetadda247
284,https://www.google.com/url?sa=t&source=web&rct=j&url=https://www.youtube.com/watch%3Fv%3D7BLwxG8OlR0&sa=U&ved=2ahUKEwj9vvq-h53_AhVkgYQIHaAADzU4mAIQtwJ6BAgFEAE&usg=AOvVaw3rK-pVWaho5wtePuMpCOJF,https://www.youtube.com/watch?v=7BLwxG8OlR0,http://www.youtube.com/@cuetadda247
285,https://www.google.com/url?sa=t&source=web&rct=j&url=https://www.youtube.com/%40BharatMatters&sa=U&ved=2ahUKEwj9vvq-h53_AhVkgYQIHaAADzU4mAIQtwJ6BAgEEAI&usg=AOvVaw2NqPcF2tGAf-rBDZL6BbzY,https://www.youtube.com/@BharatMatters,https://www.youtube.com/channel/UCfyKboFKRNkpg9tvdfCKn8A
286,https://www.google.com/url?sa=t&source=web&rct=j&url=https://www.youtube.com/watch%3Fv%3DGAQwwf7dFTk&sa=U&ved=2ahUKEwj9vvq-h53_AhVkgYQIHaAADzU4mAIQtwJ6BAgGEAE&usg=AOvVaw0EJSopmXtg60gPQMTiuX5o,https://www.youtube.com/watch?v=GAQwwf7dFTk,http://www.youtube.com/@SOLOLEGION
287,https://www.google.com/url?sa=t&source=web&rct=j&url=https://www.youtube.com/channel/UC4h5zkgRfnFLjFZtts1N6iA&sa=U&ved=2ahUKEwj9vvq-h53_AhVkgYQIHaAADzU4mAIQtwJ6BAgDEAI&usg=AOvVaw3QA-XsuAi1Au6py928HGTA,https://www.youtube.com/channel/UC4h5zkgRfnFLjFZtts1N6iA,https://www.youtube.com/channel/UC4h5zkgRfnFLjFZtts1N6iA
288,https://www.google.com/url?sa=t&source=web&rct=j&url=https://www.youtube.com/watch%3Fv%3D7j0r5vCj334&sa=U&ved=2ahUKEwj9vvq-h53_AhVkgYQIHaAADzU4mAIQtwJ6BAgAEAE&usg=AOvVaw3puvjyDgU-RovXp6FP-d0g,https://www.youtube.com/watch?v=7j0r5vCj334,http://www.youtube.com/@RahmansAimCivilServices
289,https://www.google.com/url?sa=t&source=web&rct=j&url=https://www.youtube.com/watch%3Fv%3Du6C2R0YL1w4&sa=U&ved=2ahUKEwj9vvq-h53_AhVkgYQIHaAADzU4mAIQtwJ6BAgJEAE&usg=AOvVaw0Lu_zG8nQNlz-UkEcFFp_W,https://www.youtube.com/watch?v=u6C2R0YL1w4,http://www.youtube.com/@VenomsTech
290,https://www.google.com/url?sa=t&source=web&rct=j&url=https://www.youtube.com/watch%3Fv%3DCw02kML9smk&sa=U&ved=2ahUKEwj2pre_h53_AhU3tYQIHWIhCqU4ogIQtwJ6BAgDEAE&usg=AOvVaw3g53Y-lhl8GsmpRK1tKlgd,https://www.youtube.com/watch?v=Cw02kML9smk,http://www.youtube.com/@DhananjayGund
291,https://www.google.com/url?sa=t&source=web&rct=j&url=https://www.youtube.com/watch%3Fv%3Dk7Ach38uaxY&sa=U&ved=2ahUKEwj2pre_h53_AhU3tYQIHWIhCqU4ogIQtwJ6BAgJEAE&usg=AOvVaw25Ue12hic1NKN123R9I5j6,https://www.youtube.com/watch?v=k7Ach38uaxY,http://www.youtube.com/@cuetadda247
292,https://www.google.com/url?sa=t&source=web&rct=j&url=https://www.youtube.com/watch%3Fv%3DujVPDNjvWRY&sa=U&ved=2ahUKEwj2pre_h53_AhU3tYQIHWIhCqU4ogIQtwJ6BAgIEAE&usg=AOvVaw2RR1AXhoH3xq6dk_SEGbn5,https://www.youtube.com/watch?v=ujVPDNjvWRY,http://www.youtube.com/@aburobb
293,https://www.google.com/url?sa=t&source=web&rct=j&url=https://www.youtube.com/watch%3Fv%3De9_S0y8d1Qs&sa=U&ved=2ahUKEwj2pre_h53_AhU3tYQIHWIhCqU4ogIQtwJ6BAgFEAE&usg=AOvVaw2E0ugV3jUdFds-6lKSA8ex,https://www.youtube.com/watch?v=e9_S0y8d1Qs,http://www.youtube.com/@learnnprep-bankexam
294,https://www.google.com/url?sa=t&source=web&rct=j&url=https://www.youtube.com/watch%3Fv%3D3lnp2qepIzo&sa=U&ved=2ahUKEwj2pre_h53_AhU3tYQIHWIhCqU4ogIQtwJ6BAgEEAE&usg=AOvVaw1k4s37dsMPgFSGhRpXFVed,https://www.youtube.com/watch?v=3lnp2qepIzo,http://www.youtube.com/@cuetadda247
295,https://www.google.com/url?sa=t&source=web&rct=j&url=https://www.youtube.com/watch%3Fv%3DpVTbEoDiuWU&sa=U&ved=2ahUKEwj2pre_h53_AhU3tYQIHWIhCqU4ogIQtwJ6BAgBEAE&usg=AOvVaw00zkxaX6F6N_jW53_I3JK6,https://www.youtube.com/watch?v=pVTbEoDiuWU,http://www.youtube.com/@Jiya_and_Vinit_Vlogs
296,https://www.google.com/url?sa=t&source=web&rct=j&url=https://www.youtube.com/watch%3Fv%3DzP2EQZhGgDk&sa=U&ved=2ahUKEwj2pre_h53_AhU3tYQIHWIhCqU4ogIQtwJ6BAgAEAE&usg=AOvVaw088_mDCK__kExcwODjfkd7,https://www.youtube.com/watch?v=zP2EQZhGgDk,http://www.youtube.com/@knowledgefactorypsc
297,https://www.google.com/url?sa=t&source=web&rct=j&url=https://www.youtube.com/watch%3Fv%3DbaOKussv_2s&sa=U&ved=2ahUKEwj2pre_h53_AhU3tYQIHWIhCqU4ogIQtwJ6BAgHEAE&usg=AOvVaw0FawQFUkYLP7KyDKW4glTO,https://www.youtube.com/watch?v=baOKussv_2s,http://www.youtube.com/@HOUSEOFMAVERICK
298,https://www.google.com/url?sa=t&source=web&rct=j&url=https://www.youtube.com/watch%3Fv%3DcAGk_RFk9vY&sa=U&ved=2ahUKEwj2pre_h53_AhU3tYQIHWIhCqU4ogIQtwJ6BAgGEAE&usg=AOvVaw2KB95zQeIyAioiYnD1e7_5,https://www.youtube.com/watch?v=cAGk_RFk9vY,http://www.youtube.com/@cuetadda247
299,https://www.google.com/url?sa=t&source=web&rct=j&url=https://www.youtube.com/watch%3Fv%3DDl2fLgd3mDY&sa=U&ved=2ahUKEwj2pre_h53_AhU3tYQIHWIhCqU4ogIQtwJ6BAgCEAE&usg=AOvVaw08yDULp4n-CMVskiiRUukW,https://www.youtube.com/watch?v=Dl2fLgd3mDY,http://www.youtube.com/@cuetadda247
300,https://www.google.com/url?sa=t&source=web&rct=j&url=https://www.youtube.com/watch%3Fv%3DZuPUel9Zrug&sa=U&ved=2ahUKEwiytey_h53_AhVdZTABHdOkCCk4rAIQtwJ6BAgGEAE&usg=AOvVaw2e4SKiHrrqRJFfhwUjIUzE,https://www.youtube.com/watch?v=ZuPUel9Zrug,http://www.youtube.com/@cuetadda247
301,https://www.google.com/url?sa=t&source=web&rct=j&url=https://www.youtube.com/watch%3Fv%3DjZUDeTLPLxE&sa=U&ved=2ahUKEwiytey_h53_AhVdZTABHdOkCCk4rAIQtwJ6BAgKEAE&usg=AOvVaw2zcQHXDhyelAwRIGfyp4YX,https://www.youtube.com/watch?v=jZUDeTLPLxE,http://www.youtube.com/@cuetadda247
302,https://www.google.com/url?sa=t&source=web&rct=j&url=https://www.youtube.com/watch%3Fv%3DOiml8Af4mXY&sa=U&ved=2ahUKEwiytey_h53_AhVdZTABHdOkCCk4rAIQtwJ6BAgJEAE&usg=AOvVaw0cnk-rNntTRbhUNjPEaCtq,https://www.youtube.com/watch?v=Oiml8Af4mXY,http://www.youtube.com/@cuetadda247
303,https://www.google.com/url?sa=t&source=web&rct=j&url=https://www.youtube.com/watch%3Fv%3DX0Vnk-4LG9o&sa=U&ved=2ahUKEwiytey_h53_AhVdZTABHdOkCCk4rAIQtwJ6BAgAEAE&usg=AOvVaw30_zrhGszDxJNo3kzc7M6z,https://www.youtube.com/watch?v=X0Vnk-4LG9o,http://www.youtube.com/@cuetadda247
304,https://www.google.com/url?sa=t&source=web&rct=j&url=https://www.youtube.com/watch%3Fv%3DfivNeqmMAoo&sa=U&ved=2ahUKEwiytey_h53_AhVdZTABHdOkCCk4rAIQtwJ6BAgEEAE&usg=AOvVaw2nRgjB2Vjy0iwKfEy-tC0S,https://www.youtube.com/watch?v=fivNeqmMAoo,http://www.youtube.com/@cuetadda247
305,https://www.google.com/url?sa=t&source=web&rct=j&url=https://www.youtube.com/watch%3Fv%3DlEiqjFYrG_k&sa=U&ved=2ahUKEwiytey_h53_AhVdZTABHdOkCCk4rAIQtwJ6BAgFEAE&usg=AOvVaw2bOMtJ_tAqdJirIao7bSaW,https://www.youtube.com/watch?v=lEiqjFYrG_k,http://www.youtube.com/@cuetadda247
306,https://www.google.com/url?sa=t&source=web&rct=j&url=https://www.youtube.com/watch%3Fv%3DzZoROrMOp6E&sa=U&ved=2ahUKEwiytey_h53_AhVdZTABHdOkCCk4rAIQtwJ6BAgCEAE&usg=AOvVaw3RPW8hOOMK20Rj798fQPLO,https://www.youtube.com/watch?v=zZoROrMOp6E,http://www.youtube.com/@cuetadda247
307,https://www.google.com/url?sa=t&source=web&rct=j&url=https://www.youtube.com/watch%3Fv%3DyiDqY3YB9RU&sa=U&ved=2ahUKEwiytey_h53_AhVdZTABHdOkCCk4rAIQtwJ6BAgHEAE&usg=AOvVaw0SG9Gmq9Z1vRMX-Uv2eZHX,https://www.youtube.com/watch?v=yiDqY3YB9RU,http://www.youtube.com/@Fahem.Podcast
308,https://www.google.com/url?sa=t&source=web&rct=j&url=https://www.youtube.com/watch%3Fv%3DaAPXDPjtsSg&sa=U&ved=2ahUKEwiytey_h53_AhVdZTABHdOkCCk4rAIQtwJ6BAgIEAE&usg=AOvVaw3k1g-X0UF-oWOW4ox570TM,https://www.youtube.com/watch?v=aAPXDPjtsSg,http://www.youtube.com/@cuetadda247
309,https://www.google.com/url?sa=t&source=web&rct=j&url=https://www.youtube.com/watch%3Fv%3DguUxUdnp3_c&sa=U&ved=2ahUKEwiytey_h53_AhVdZTABHdOkCCk4rAIQtwJ6BAgDEAE&usg=AOvVaw1TUmZeTC58raedGyCIaz9V,https://www.youtube.com/watch?v=guUxUdnp3_c,http://www.youtube.com/@shreyesgupta
